Workbook

Sheet INPUTS
A1: 1300 Manhattan Ave: preliminary column sizing, inputs
A2: Blue = input. Yellow = assumption to confirm. Everything else is a formula. Loads in psf / plf / kips, lengths in ft, sections in inches.
A4: Materials and ACI 318 axial capacity
A5: f'c, concrete strength (ksi) | B5: 6 | C5: Confirm with the engineer; 6 ksi assumed for all columns
A6: fy, reinforcing steel (ksi) | B6: 60
A7: phi, tied columns (ACI 318-19 21.2.2) | B7: 0.65
A8: Maximum axial factor, tied (ACI 318-19 22.4.2.1: 0.80) | B8: 0.8
A9: Target reinforcement ratio for sizing | B9: 0.02 | C9: Section is picked so this ratio carries Pu
A10: Maximum ratio before a section is flagged NG | B10: 0.04 | C10: ACI permits 8 %; 4 % keeps splices buildable
A11: Minimum ratio (ACI 318-19 10.6.1.1) | B11: 0.01
A12: Concrete unit weight (pcf) | B12: 150
A13: Load factor, dead (ASCE 7-22 2.3.1 combination 2) | B13: 1.2
A14: Load factor, live | B14: 1.6
A15: Facade weight (plf of slab edge) | B15: 150 | C15: 15 psf of wall over a 10 ft storey; applies to the facade length the engine attributes to each column
A16: Storey height below the 1st floor slab to the footing (ft) | B16: 12 | C16: Not on the drawings received
A17: Match line x (ft, engine coordinates); columns east of it are Section B | B17: 540 | C17: The PE#1 datum sits on the match line
A18: KLL where the engine gives none (interior column, ASCE 7-22 table 4.7-1) | B18: 4
A19: Column self-weight section where the architect shows none (in2) | B19: 336 | C19: 14 x 24
A20: Garage live-load factor for columns carrying 2+ garage floors (ASCE 7-22 4.7.4) | B20: 0.8
A22: Levels and occupancies (top down). Section A = the residential bar west of the match line; Section B = the garage / amenity block east of it.
A23: Level | B23: Elev (ft) | C23: Storey below (ft) | D23: Use areas of engine floor | E23: Assumed level (1 = include) | F23: A occupancy | G23: A slab (in) | H23: A SDL (psf) | I23: A LL (psf) | J23: A LL class | K23: B occupancy | L23: B slab (in) | M23: B SDL (psf) | N23: B LL (psf) | O23: B LL class | P23: Note
A24: ROOF | B24: 201.5 | C24: =B24-B25 -> 10.5 | D24: 11 | E24: 1 | F24: none | G24: 0 | H24: 0 | I24: 0 | J24: NR | K24: roof | L24: 10 | M24: 30 | N24: 30 | O24: NR | P24: A-109 not received; Section B of the 11th stands in, roof loads
A25: 11 | B25: 191 | C25: =B25-B26 -> 11.5 | D25: 11 | E25: 0 | F25: amenity roof terrace | G25: 8 | H25: 30 | I25: 100 | J25: NR | K25: amenity / pool / fitness | L25: 10 | M25: 30 | N25: 100 | O25: NR
A26: 10 | B26: 179.5 | C26: =B26-B27 -> 10.5 | D26: 10 | E26: 0 | F26: residential | G26: 8 | H26: 20 | I26: 40 | J26: RES | K26: lobby / co-work / parking (SL1) | L26: 10 | M26: 20 | N26: 100 | O26: NR
A27: 9 | B27: 169 | C27: =B27-B28 -> 10.5 | D27: 9 | E27: 0 | F27: residential | G27: 8 | H27: 20 | I27: 40 | J27: RES | K27: parking + units | L27: 10 | M27: 5 | N27: 40 | O27: GAR
A28: 8 | B28: 158.5 | C28: =B28-B29 -> 10.5 | D28: 8 | E28: 0 | F28: residential | G28: 8 | H28: 20 | I28: 40 | J28: RES | K28: parking + units | L28: 10 | M28: 5 | N28: 40 | O28: GAR
A29: 7 | B29: 148 | C29: =B29-B30 -> 10.5 | D29: 7 | E29: 0 | F29: residential | G29: 8 | H29: 20 | I29: 40 | J29: RES | K29: parking + units | L29: 10 | M29: 5 | N29: 40 | O29: GAR
A30: 6 | B30: 137.5 | C30: =B30-B31 -> 10.5 | D30: 6 | E30: 0 | F30: residential | G30: 8 | H30: 20 | I30: 40 | J30: RES | K30: residential (3 units) | L30: 8 | M30: 20 | N30: 40 | O30: RES
A31: 5 | B31: 127 | C31: =B31-B32 -> 10.5 | D31: 5 | E31: 0 | F31: residential | G31: 8 | H31: 20 | I31: 40 | J31: RES | K31: none | L31: 8 | M31: 20 | N31: 40 | O31: RES
A32: 4 | B32: 116.5 | C32: =B32-B33 -> 10.5 | D32: 4 | E32: 0 | F32: residential | G32: 8 | H32: 20 | I32: 40 | J32: RES | K32: none | L32: 8 | M32: 20 | N32: 40 | O32: RES
A33: 3 | B33: 106 | C33: =B33-B34 -> 10.5 | D33: 4 | E33: 1 | F33: residential | G33: 8 | H33: 20 | I33: 40 | J33: RES | K33: none | L33: 8 | M33: 20 | N33: 40 | O33: RES | P33: A-107 not received; the 4th stands in
A34: 2 | B34: 95.5 | C34: =B34-B35 -> 10.5 | D34: 4 | E34: 1 | F34: residential | G34: 8 | H34: 20 | I34: 40 | J34: RES | K34: none | L34: 8 | M34: 20 | N34: 40 | O34: RES | P34: A-107 not received; the 4th stands in
A35: 1 | B35: 85 | C35: =INPUTS!$B$16 -> 12 | D35: 4 | E35: 1 | F35: residential / storage | G35: 8 | H35: 20 | I35: 40 | J35: RES | K35: none | L35: 8 | M35: 20 | N35: 40 | O35: RES | P35: A-108 not received; the 4th stands in
A37: LL class: RES = reducible per ASCE 7-22 4.7.2 (floor of 0.4 for 2+ floors, 0.5 for one); GAR = passenger garage, at most the factor above for 2+ floors; NR = not reduced (assembly, roof, L > 100 psf).
A38: Slab self-weight = thickness / 12 x unit weight. 'Assumed level' rows reuse the areas, KLL, facade and sections of the engine floor named; set the toggle to 0 to leave them out.
A40: Section families for the recommendation (smallest section whose area carries Pu at the target ratio)
A41: Family A (14 in wide, as the architect drew) | B41: Ag (in2) | D41: Family B (square, where the architect drew other shapes) | E41: Ag (in2)
A42: 14x24 | B42: 336 | D42: 18x18 | E42: 324
A43: 14x30 | B43: 420 | D43: 24x24 | E43: 576
A44: 14x36 | B44: 504 | D44: 24x30 | E44: 720
A45: 14x42 | B45: 588 | D45: 24x36 | E45: 864
A46: 14x48 | B46: 672 | D46: 30x30 | E46: 900
A47: 14x54 | B47: 756 | D47: 30x36 | E47: 1080
A48: 14x60 | B48: 840 | D48: 36x36 | E48: 1296
A49: 18x60 | B49: 1080 | D49: 36x42 | E49: 1512
A50: 24x60 | B50: 1440 | D50: 42x42 | E50: 1764
A52: Families must stay sorted by area, smallest first. Edit the names and areas to the firm's standard sizes.

Sheet SUMMARY
A1: 1300 Manhattan Ave: preliminary column sizing by load takedown
A2: Preliminary. Axial load only (no moment, no slenderness, no lateral); loads and occupancies per INPUTS; tributary areas from the engine on the architect's background set 23-037A, seven floors in hand (4 to 11), floors 1 to 3 and the roof assumed. Check the yellow cells in INPUTS before quoting any number.
A4: Counts at the base of each column line
A5: Column | B5: Section | C5: Lowest level | D5: Pu at base (kips) | E5: Architect section at base | F5: Ratio it needs | G5: Status | H5: Recommended at base | I5: Floors carried | J5: Note
A6: =TRIB!A2 -> C1 | B6: =TRIB!D2 -> A | C6: =IF(COUNTIF(TRIB!$E2:$P2,">0")=0,"",INDEX(TRIB!$E$1:$P$1,SUMPRODUCT(MAX((TRIB!$E2:$P2<>"")*(COLUMN(TRIB!$E2:$P2)-COLUMN(TRIB!$E2)+1))))) -> 1 | D6: =IFERROR(INDEX(PU!$E2:$P2,MATCH(C6,TRIB!$E$1:$P$1,0)),"") -> 519.75938 | E6: =IFERROR(INDEX(ARCH!$E2:$P2,MATCH(C6,TRIB!$E$1:$P$1,0)),"") -> 14x36 | F6: =IFERROR(INDEX(RHO_ARCH!$E2:$P2,MATCH(C6,TRIB!$E$1:$P$1,0)),"") -> -0.056772152 | G6: =IFERROR(INDEX(STATUS!$E2:$P2,MATCH(C6,TRIB!$E$1:$P$1,0)),"") -> OK | H6: =IFERROR(INDEX(RECOMMEND!$E2:$P2,MATCH(C6,TRIB!$E$1:$P$1,0)),"") -> 14x24 | I6: =COUNTIF(TRIB!$E2:$P2,">0") -> 11
A7: =TRIB!A3 -> C2 | B7: =TRIB!D3 -> A | C7: =IF(COUNTIF(TRIB!$E3:$P3,">0")=0,"",INDEX(TRIB!$E$1:$P$1,SUMPRODUCT(MAX((TRIB!$E3:$P3<>"")*(COLUMN(TRIB!$E3:$P3)-COLUMN(TRIB!$E3)+1))))) -> 1 | D7: =IFERROR(INDEX(PU!$E3:$P3,MATCH(C7,TRIB!$E$1:$P$1,0)),"") -> 628.10916 | E7: =IFERROR(INDEX(ARCH!$E3:$P3,MATCH(C7,TRIB!$E$1:$P$1,0)),"") -> d24 | F7: =IFERROR(INDEX(RHO_ARCH!$E3:$P3,MATCH(C7,TRIB!$E$1:$P$1,0)),"") -> -0.044261382 | G7: =IFERROR(INDEX(STATUS!$E3:$P3,MATCH(C7,TRIB!$E$1:$P$1,0)),"") -> OK | H7: =IFERROR(INDEX(RECOMMEND!$E3:$P3,MATCH(C7,TRIB!$E$1:$P$1,0)),"") -> 18x18 | I7: =COUNTIF(TRIB!$E3:$P3,">0") -> 10
A8: =TRIB!A4 -> C3 | B8: =TRIB!D4 -> A | C8: =IF(COUNTIF(TRIB!$E4:$P4,">0")=0,"",INDEX(TRIB!$E$1:$P$1,SUMPRODUCT(MAX((TRIB!$E4:$P4<>"")*(COLUMN(TRIB!$E4:$P4)-COLUMN(TRIB!$E4)+1))))) -> 1 | D8: =IFERROR(INDEX(PU!$E4:$P4,MATCH(C8,TRIB!$E$1:$P$1,0)),"") -> 690.52547 | E8: =IFERROR(INDEX(ARCH!$E4:$P4,MATCH(C8,TRIB!$E$1:$P$1,0)),"") -> 14x36 | F8: =IFERROR(INDEX(RHO_ARCH!$E4:$P4,MATCH(C8,TRIB!$E$1:$P$1,0)),"") -> -0.044903663 | G8: =IFERROR(INDEX(STATUS!$E4:$P4,MATCH(C8,TRIB!$E$1:$P$1,0)),"") -> OK | H8: =IFERROR(INDEX(RECOMMEND!$E4:$P4,MATCH(C8,TRIB!$E$1:$P$1,0)),"") -> 14x24 | I8: =COUNTIF(TRIB!$E4:$P4,">0") -> 11
A9: =TRIB!A5 -> C4 | B9: =TRIB!D5 -> A | C9: =IF(COUNTIF(TRIB!$E5:$P5,">0")=0,"",INDEX(TRIB!$E$1:$P$1,SUMPRODUCT(MAX((TRIB!$E5:$P5<>"")*(COLUMN(TRIB!$E5:$P5)-COLUMN(TRIB!$E5)+1))))) -> 1 | D9: =IFERROR(INDEX(PU!$E5:$P5,MATCH(C9,TRIB!$E$1:$P$1,0)),"") -> 652.98904 | E9: =IFERROR(INDEX(ARCH!$E5:$P5,MATCH(C9,TRIB!$E$1:$P$1,0)),"") -> 14x24 | F9: =IFERROR(INDEX(RHO_ARCH!$E5:$P5,MATCH(C9,TRIB!$E$1:$P$1,0)),"") -> -0.024820661 | G9: =IFERROR(INDEX(STATUS!$E5:$P5,MATCH(C9,TRIB!$E$1:$P$1,0)),"") -> OK | H9: =IFERROR(INDEX(RECOMMEND!$E5:$P5,MATCH(C9,TRIB!$E$1:$P$1,0)),"") -> 14x24 | I9: =COUNTIF(TRIB!$E5:$P5,">0") -> 11
A10: =TRIB!A6 -> C5 | B10: =TRIB!D6 -> A | C10: =IF(COUNTIF(TRIB!$E6:$P6,">0")=0,"",INDEX(TRIB!$E$1:$P$1,SUMPRODUCT(MAX((TRIB!$E6:$P6<>"")*(COLUMN(TRIB!$E6:$P6)-COLUMN(TRIB!$E6)+1))))) -> 1 | D10: =IFERROR(INDEX(PU!$E6:$P6,MATCH(C10,TRIB!$E$1:$P$1,0)),"") -> 292.77054 | E10: =IFERROR(INDEX(ARCH!$E6:$P6,MATCH(C10,TRIB!$E$1:$P$1,0)),"") -> 14x24 | F10: =IFERROR(INDEX(RHO_ARCH!$E6:$P6,MATCH(C10,TRIB!$E$1:$P$1,0)),"") -> -0.062374216 | G10: =IFERROR(INDEX(STATUS!$E6:$P6,MATCH(C10,TRIB!$E$1:$P$1,0)),"") -> OK | H10: =IFERROR(INDEX(RECOMMEND!$E6:$P6,MATCH(C10,TRIB!$E$1:$P$1,0)),"") -> 14x24 | I10: =COUNTIF(TRIB!$E6:$P6,">0") -> 11
A11: =TRIB!A7 -> C6 | B11: =TRIB!D7 -> A | C11: =IF(COUNTIF(TRIB!$E7:$P7,">0")=0,"",INDEX(TRIB!$E$1:$P$1,SUMPRODUCT(MAX((TRIB!$E7:$P7<>"")*(COLUMN(TRIB!$E7:$P7)-COLUMN(TRIB!$E7)+1))))) -> 1 | D11: =IFERROR(INDEX(PU!$E7:$P7,MATCH(C11,TRIB!$E$1:$P$1,0)),"") -> 488.1797 | E11: =IFERROR(INDEX(ARCH!$E7:$P7,MATCH(C11,TRIB!$E$1:$P$1,0)),"") -> 14x24 | F11: =IFERROR(INDEX(RHO_ARCH!$E7:$P7,MATCH(C11,TRIB!$E$1:$P$1,0)),"") -> -0.04200239 | G11: =IFERROR(INDEX(STATUS!$E7:$P7,MATCH(C11,TRIB!$E$1:$P$1,0)),"") -> OK | H11: =IFERROR(INDEX(RECOMMEND!$E7:$P7,MATCH(C11,TRIB!$E$1:$P$1,0)),"") -> 14x24 | I11: =COUNTIF(TRIB!$E7:$P7,">0") -> 11
A12: =TRIB!A8 -> C7 | B12: =TRIB!D8 -> A | C12: =IF(COUNTIF(TRIB!$E8:$P8,">0")=0,"",INDEX(TRIB!$E$1:$P$1,SUMPRODUCT(MAX((TRIB!$E8:$P8<>"")*(COLUMN(TRIB!$E8:$P8)-COLUMN(TRIB!$E8)+1))))) -> 1 | D12: =IFERROR(INDEX(PU!$E8:$P8,MATCH(C12,TRIB!$E$1:$P$1,0)),"") -> 944.048 | E12: =IFERROR(INDEX(ARCH!$E8:$P8,MATCH(C12,TRIB!$E$1:$P$1,0)),"") -> 14x36 | F12: =IFERROR(INDEX(RHO_ARCH!$E8:$P8,MATCH(C12,TRIB!$E$1:$P$1,0)),"") -> -0.027283484 | G12: =IFERROR(INDEX(STATUS!$E8:$P8,MATCH(C12,TRIB!$E$1:$P$1,0)),"") -> OK | H12: =IFERROR(INDEX(RECOMMEND!$E8:$P8,MATCH(C12,TRIB!$E$1:$P$1,0)),"") -> 14x24 | I12: =COUNTIF(TRIB!$E8:$P8,">0") -> 11
A13: =TRIB!A9 -> C8 | B13: =TRIB!D9 -> A | C13: =IF(COUNTIF(TRIB!$E9:$P9,">0")=0,"",INDEX(TRIB!$E$1:$P$1,SUMPRODUCT(MAX((TRIB!$E9:$P9<>"")*(COLUMN(TRIB!$E9:$P9)-COLUMN(TRIB!$E9)+1))))) -> 1 | D13: =IFERROR(INDEX(PU!$E9:$P9,MATCH(C13,TRIB!$E$1:$P$1,0)),"") -> 955.596 | E13: =IFERROR(INDEX(ARCH!$E9:$P9,MATCH(C13,TRIB!$E$1:$P$1,0)),"") -> 14x36 | F13: =IFERROR(INDEX(RHO_ARCH!$E9:$P9,MATCH(C13,TRIB!$E$1:$P$1,0)),"") -> -0.026480881 | G13: =IFERROR(INDEX(STATUS!$E9:$P9,MATCH(C13,TRIB!$E$1:$P$1,0)),"") -> OK | H13: =IFERROR(INDEX(RECOMMEND!$E9:$P9,MATCH(C13,TRIB!$E$1:$P$1,0)),"") -> 14x24 | I13: =COUNTIF(TRIB!$E9:$P9,">0") -> 11
A14: =TRIB!A10 -> C9 | B14: =TRIB!D10 -> A | C14: =IF(COUNTIF(TRIB!$E10:$P10,">0")=0,"",INDEX(TRIB!$E$1:$P$1,SUMPRODUCT(MAX((TRIB!$E10:$P10<>"")*(COLUMN(TRIB!$E10:$P10)-COLUMN(TRIB!$E10)+1))))) -> 1 | D14: =IFERROR(INDEX(PU!$E10:$P10,MATCH(C14,TRIB!$E$1:$P$1,0)),"") -> 1015.956 | E14: =IFERROR(INDEX(ARCH!$E10:$P10,MATCH(C14,TRIB!$E$1:$P$1,0)),"") -> 14x36 | F14: =IFERROR(INDEX(RHO_ARCH!$E10:$P10,MATCH(C14,TRIB!$E$1:$P$1,0)),"") -> -0.022285774 | G14: =IFERROR(INDEX(STATUS!$E10:$P10,MATCH(C14,TRIB!$E$1:$P$1,0)),"") -> OK | H14: =IFERROR(INDEX(RECOMMEND!$E10:$P10,MATCH(C14,TRIB!$E$1:$P$1,0)),"") -> 14x24 | I14: =COUNTIF(TRIB!$E10:$P10,">0") -> 11
A15: =TRIB!A11 -> C10 | B15: =TRIB!D11 -> A | C15: =IF(COUNTIF(TRIB!$E11:$P11,">0")=0,"",INDEX(TRIB!$E$1:$P$1,SUMPRODUCT(MAX((TRIB!$E11:$P11<>"")*(COLUMN(TRIB!$E11:$P11)-COLUMN(TRIB!$E11)+1))))) -> 1 | D15: =IFERROR(INDEX(PU!$E11:$P11,MATCH(C15,TRIB!$E$1:$P$1,0)),"") -> 964.288 | E15: =IFERROR(INDEX(ARCH!$E11:$P11,MATCH(C15,TRIB!$E$1:$P$1,0)),"") -> 14x36 | F15: =IFERROR(INDEX(RHO_ARCH!$E11:$P11,MATCH(C15,TRIB!$E$1:$P$1,0)),"") -> -0.025876775 | G15: =IFERROR(INDEX(STATUS!$E11:$P11,MATCH(C15,TRIB!$E$1:$P$1,0)),"") -> OK | H15: =IFERROR(INDEX(RECOMMEND!$E11:$P11,MATCH(C15,TRIB!$E$1:$P$1,0)),"") -> 14x24 | I15: =COUNTIF(TRIB!$E11:$P11,">0") -> 11
A16: =TRIB!A12 -> C11 | B16: =TRIB!D12 -> A | C16: =IF(COUNTIF(TRIB!$E12:$P12,">0")=0,"",INDEX(TRIB!$E$1:$P$1,SUMPRODUCT(MAX((TRIB!$E12:$P12<>"")*(COLUMN(TRIB!$E12:$P12)-COLUMN(TRIB!$E12)+1))))) -> 1 | D16: =IFERROR(INDEX(PU!$E12:$P12,MATCH(C16,TRIB!$E$1:$P$1,0)),"") -> 307.64842 | E16: =IFERROR(INDEX(ARCH!$E12:$P12,MATCH(C16,TRIB!$E$1:$P$1,0)),"") -> 14x24 | F16: =IFERROR(INDEX(RHO_ARCH!$E12:$P12,MATCH(C16,TRIB!$E$1:$P$1,0)),"") -> -0.060823165 | G16: =IFERROR(INDEX(STATUS!$E12:$P12,MATCH(C16,TRIB!$E$1:$P$1,0)),"") -> OK | H16: =IFERROR(INDEX(RECOMMEND!$E12:$P12,MATCH(C16,TRIB!$E$1:$P$1,0)),"") -> 14x24 | I16: =COUNTIF(TRIB!$E12:$P12,">0") -> 11
A17: =TRIB!A13 -> C12 | B17: =TRIB!D13 -> A | C17: =IF(COUNTIF(TRIB!$E13:$P13,">0")=0,"",INDEX(TRIB!$E$1:$P$1,SUMPRODUCT(MAX((TRIB!$E13:$P13<>"")*(COLUMN(TRIB!$E13:$P13)-COLUMN(TRIB!$E13)+1))))) -> 1 | D17: =IFERROR(INDEX(PU!$E13:$P13,MATCH(C17,TRIB!$E$1:$P$1,0)),"") -> 1028.028 | E17: =IFERROR(INDEX(ARCH!$E13:$P13,MATCH(C17,TRIB!$E$1:$P$1,0)),"") -> 14x36 | F17: =IFERROR(INDEX(RHO_ARCH!$E13:$P13,MATCH(C17,TRIB!$E$1:$P$1,0)),"") -> -0.021446753 | G17: =IFERROR(INDEX(STATUS!$E13:$P13,MATCH(C17,TRIB!$E$1:$P$1,0)),"") -> OK | H17: =IFERROR(INDEX(RECOMMEND!$E13:$P13,MATCH(C17,TRIB!$E$1:$P$1,0)),"") -> 14x24 | I17: =COUNTIF(TRIB!$E13:$P13,">0") -> 11
... A122: =TRIB!A118 -> C117 | B122: =TRIB!D118 -> B | C122: =IF(COUNTIF(TRIB!$E118:$P118,">0")=0,"",INDEX(TRIB!$E$1:$P$1,SUMPRODUCT(MAX((TRIB!$E118:$P118<>"")*(COLUMN(TRIB!$E118:$P118)-COLUMN(TRIB!$E118)+1))))) -> 11 | D122: =IFERROR(INDEX(PU!$E118:$P118,MATCH(C122,TRIB!$E$1:$P$1,0)),"") -> 149.58 | E122: =IFERROR(INDEX(ARCH!$E118:$P118,MATCH(C122,TRIB!$E$1:$P$1,0)),"") -> 14x36 | F122: =IFERROR(INDEX(RHO_ARCH!$E118:$P118,MATCH(C122,TRIB!$E$1:$P$1,0)),"") -> -0.08250015 | G122: =IFERROR(INDEX(STATUS!$E118:$P118,MATCH(C122,TRIB!$E$1:$P$1,0)),"") -> OK | H122: =IFERROR(INDEX(RECOMMEND!$E118:$P118,MATCH(C122,TRIB!$E$1:$P$1,0)),"") -> 14x24 | I122: =COUNTIF(TRIB!$E118:$P118,">0") -> 2
A123: =TRIB!A119 -> 7_UNLABELED_100 | B123: =TRIB!D119 -> A | C123: =IF(COUNTIF(TRIB!$E119:$P119,">0")=0,"",INDEX(TRIB!$E$1:$P$1,SUMPRODUCT(MAX((TRIB!$E119:$P119<>"")*(COLUMN(TRIB!$E119:$P119)-COLUMN(TRIB!$E119)+1))))) | D123: =IFERROR(INDEX(PU!$E119:$P119,MATCH(C123,TRIB!$E$1:$P$1,0)),"") | E123: =IFERROR(INDEX(ARCH!$E119:$P119,MATCH(C123,TRIB!$E$1:$P$1,0)),"") | F123: =IFERROR(INDEX(RHO_ARCH!$E119:$P119,MATCH(C123,TRIB!$E$1:$P$1,0)),"") | G123: =IFERROR(INDEX(STATUS!$E119:$P119,MATCH(C123,TRIB!$E$1:$P$1,0)),"") | H123: =IFERROR(INDEX(RECOMMEND!$E119:$P119,MATCH(C123,TRIB!$E$1:$P$1,0)),"") | I123: =COUNTIF(TRIB!$E119:$P119,">0") -> 0 | J123: Outside the draft slab on the 7th east bay; carries only that level in this takedown
A124: =TRIB!A120 -> 7_UNLABELED_101 | B124: =TRIB!D120 -> A | C124: =IF(COUNTIF(TRIB!$E120:$P120,">0")=0,"",INDEX(TRIB!$E$1:$P$1,SUMPRODUCT(MAX((TRIB!$E120:$P120<>"")*(COLUMN(TRIB!$E120:$P120)-COLUMN(TRIB!$E120)+1))))) -> 7 | D124: =IFERROR(INDEX(PU!$E120:$P120,MATCH(C124,TRIB!$E$1:$P$1,0)),"") -> 24.179 | E124: =IFERROR(INDEX(ARCH!$E120:$P120,MATCH(C124,TRIB!$E$1:$P$1,0)),"") -> 14x36 | F124: =IFERROR(INDEX(RHO_ARCH!$E120:$P120,MATCH(C124,TRIB!$E$1:$P$1,0)),"") -> -0.0912157 | G124: =IFERROR(INDEX(STATUS!$E120:$P120,MATCH(C124,TRIB!$E$1:$P$1,0)),"") -> OK | H124: =IFERROR(INDEX(RECOMMEND!$E120:$P120,MATCH(C124,TRIB!$E$1:$P$1,0)),"") -> 14x24 | I124: =COUNTIF(TRIB!$E120:$P120,">0") -> 1 | J124: Outside the draft slab on the 7th east bay; carries only that level in this takedown
A125: =TRIB!A121 -> 7_UNLABELED_102 | B125: =TRIB!D121 -> A | C125: =IF(COUNTIF(TRIB!$E121:$P121,">0")=0,"",INDEX(TRIB!$E$1:$P$1,SUMPRODUCT(MAX((TRIB!$E121:$P121<>"")*(COLUMN(TRIB!$E121:$P121)-COLUMN(TRIB!$E121)+1))))) | D125: =IFERROR(INDEX(PU!$E121:$P121,MATCH(C125,TRIB!$E$1:$P$1,0)),"") | E125: =IFERROR(INDEX(ARCH!$E121:$P121,MATCH(C125,TRIB!$E$1:$P$1,0)),"") | F125: =IFERROR(INDEX(RHO_ARCH!$E121:$P121,MATCH(C125,TRIB!$E$1:$P$1,0)),"") | G125: =IFERROR(INDEX(STATUS!$E121:$P121,MATCH(C125,TRIB!$E$1:$P$1,0)),"") | H125: =IFERROR(INDEX(RECOMMEND!$E121:$P121,MATCH(C125,TRIB!$E$1:$P$1,0)),"") | I125: =COUNTIF(TRIB!$E121:$P121,">0") -> 0 | J125: Outside the draft slab on the 7th east bay; carries only that level in this takedown
A126: =TRIB!A122 -> 7_UNLABELED_103 | B126: =TRIB!D122 -> A | C126: =IF(COUNTIF(TRIB!$E122:$P122,">0")=0,"",INDEX(TRIB!$E$1:$P$1,SUMPRODUCT(MAX((TRIB!$E122:$P122<>"")*(COLUMN(TRIB!$E122:$P122)-COLUMN(TRIB!$E122)+1))))) | D126: =IFERROR(INDEX(PU!$E122:$P122,MATCH(C126,TRIB!$E$1:$P$1,0)),"") | E126: =IFERROR(INDEX(ARCH!$E122:$P122,MATCH(C126,TRIB!$E$1:$P$1,0)),"") | F126: =IFERROR(INDEX(RHO_ARCH!$E122:$P122,MATCH(C126,TRIB!$E$1:$P$1,0)),"") | G126: =IFERROR(INDEX(STATUS!$E122:$P122,MATCH(C126,TRIB!$E$1:$P$1,0)),"") | H126: =IFERROR(INDEX(RECOMMEND!$E122:$P122,MATCH(C126,TRIB!$E$1:$P$1,0)),"") | I126: =COUNTIF(TRIB!$E122:$P122,">0") -> 0 | J126: Outside the draft slab on the 7th east bay; carries only that level in this takedown
A127: =TRIB!A123 -> 7_UNLABELED_90 | B127: =TRIB!D123 -> A | C127: =IF(COUNTIF(TRIB!$E123:$P123,">0")=0,"",INDEX(TRIB!$E$1:$P$1,SUMPRODUCT(MAX((TRIB!$E123:$P123<>"")*(COLUMN(TRIB!$E123:$P123)-COLUMN(TRIB!$E123)+1))))) | D127: =IFERROR(INDEX(PU!$E123:$P123,MATCH(C127,TRIB!$E$1:$P$1,0)),"") | E127: =IFERROR(INDEX(ARCH!$E123:$P123,MATCH(C127,TRIB!$E$1:$P$1,0)),"") | F127: =IFERROR(INDEX(RHO_ARCH!$E123:$P123,MATCH(C127,TRIB!$E$1:$P$1,0)),"") | G127: =IFERROR(INDEX(STATUS!$E123:$P123,MATCH(C127,TRIB!$E$1:$P$1,0)),"") | H127: =IFERROR(INDEX(RECOMMEND!$E123:$P123,MATCH(C127,TRIB!$E$1:$P$1,0)),"") | I127: =COUNTIF(TRIB!$E123:$P123,">0") -> 0 | J127: Outside the draft slab on the 7th east bay; carries only that level in this takedown
A128: =TRIB!A124 -> 7_UNLABELED_91 | B128: =TRIB!D124 -> A | C128: =IF(COUNTIF(TRIB!$E124:$P124,">0")=0,"",INDEX(TRIB!$E$1:$P$1,SUMPRODUCT(MAX((TRIB!$E124:$P124<>"")*(COLUMN(TRIB!$E124:$P124)-COLUMN(TRIB!$E124)+1))))) -> 7 | D128: =IFERROR(INDEX(PU!$E124:$P124,MATCH(C128,TRIB!$E$1:$P$1,0)),"") -> 41.533339 | E128: =IFERROR(INDEX(ARCH!$E124:$P124,MATCH(C128,TRIB!$E$1:$P$1,0)),"") -> 14x36 | F128: =IFERROR(INDEX(RHO_ARCH!$E124:$P124,MATCH(C128,TRIB!$E$1:$P$1,0)),"") -> -0.090009548 | G128: =IFERROR(INDEX(STATUS!$E124:$P124,MATCH(C128,TRIB!$E$1:$P$1,0)),"") -> OK | H128: =IFERROR(INDEX(RECOMMEND!$E124:$P124,MATCH(C128,TRIB!$E$1:$P$1,0)),"") -> 14x24 | I128: =COUNTIF(TRIB!$E124:$P124,">0") -> 1 | J128: Outside the draft slab on the 7th east bay; carries only that level in this takedown
A129: =TRIB!A125 -> 7_UNLABELED_92 | B129: =TRIB!D125 -> A | C129: =IF(COUNTIF(TRIB!$E125:$P125,">0")=0,"",INDEX(TRIB!$E$1:$P$1,SUMPRODUCT(MAX((TRIB!$E125:$P125<>"")*(COLUMN(TRIB!$E125:$P125)-COLUMN(TRIB!$E125)+1))))) | D129: =IFERROR(INDEX(PU!$E125:$P125,MATCH(C129,TRIB!$E$1:$P$1,0)),"") | E129: =IFERROR(INDEX(ARCH!$E125:$P125,MATCH(C129,TRIB!$E$1:$P$1,0)),"") | F129: =IFERROR(INDEX(RHO_ARCH!$E125:$P125,MATCH(C129,TRIB!$E$1:$P$1,0)),"") | G129: =IFERROR(INDEX(STATUS!$E125:$P125,MATCH(C129,TRIB!$E$1:$P$1,0)),"") | H129: =IFERROR(INDEX(RECOMMEND!$E125:$P125,MATCH(C129,TRIB!$E$1:$P$1,0)),"") | I129: =COUNTIF(TRIB!$E125:$P125,">0") -> 0 | J129: Outside the draft slab on the 7th east bay; carries only that level in this takedown
A130: =TRIB!A126 -> 7_UNLABELED_93 | B130: =TRIB!D126 -> A | C130: =IF(COUNTIF(TRIB!$E126:$P126,">0")=0,"",INDEX(TRIB!$E$1:$P$1,SUMPRODUCT(MAX((TRIB!$E126:$P126<>"")*(COLUMN(TRIB!$E126:$P126)-COLUMN(TRIB!$E126)+1))))) | D130: =IFERROR(INDEX(PU!$E126:$P126,MATCH(C130,TRIB!$E$1:$P$1,0)),"") | E130: =IFERROR(INDEX(ARCH!$E126:$P126,MATCH(C130,TRIB!$E$1:$P$1,0)),"") | F130: =IFERROR(INDEX(RHO_ARCH!$E126:$P126,MATCH(C130,TRIB!$E$1:$P$1,0)),"") | G130: =IFERROR(INDEX(STATUS!$E126:$P126,MATCH(C130,TRIB!$E$1:$P$1,0)),"") | H130: =IFERROR(INDEX(RECOMMEND!$E126:$P126,MATCH(C130,TRIB!$E$1:$P$1,0)),"") | I130: =COUNTIF(TRIB!$E126:$P126,">0") -> 0 | J130: Outside the draft slab on the 7th east bay; carries only that level in this takedown
A131: =TRIB!A127 -> 7_UNLABELED_94 | B131: =TRIB!D127 -> A | C131: =IF(COUNTIF(TRIB!$E127:$P127,">0")=0,"",INDEX(TRIB!$E$1:$P$1,SUMPRODUCT(MAX((TRIB!$E127:$P127<>"")*(COLUMN(TRIB!$E127:$P127)-COLUMN(TRIB!$E127)+1))))) -> 7 | D131: =IFERROR(INDEX(PU!$E127:$P127,MATCH(C131,TRIB!$E$1:$P$1,0)),"") -> 28.879 | E131: =IFERROR(INDEX(ARCH!$E127:$P127,MATCH(C131,TRIB!$E$1:$P$1,0)),"") -> 14x36 | F131: =IFERROR(INDEX(RHO_ARCH!$E127:$P127,MATCH(C131,TRIB!$E$1:$P$1,0)),"") -> -0.090889043 | G131: =IFERROR(INDEX(STATUS!$E127:$P127,MATCH(C131,TRIB!$E$1:$P$1,0)),"") -> OK | H131: =IFERROR(INDEX(RECOMMEND!$E127:$P127,MATCH(C131,TRIB!$E$1:$P$1,0)),"") -> 14x24 | I131: =COUNTIF(TRIB!$E127:$P127,">0") -> 1 | J131: Outside the draft slab on the 7th east bay; carries only that level in this takedown
A132: =TRIB!A128 -> 7_UNLABELED_95 | B132: =TRIB!D128 -> A | C132: =IF(COUNTIF(TRIB!$E128:$P128,">0")=0,"",INDEX(TRIB!$E$1:$P$1,SUMPRODUCT(MAX((TRIB!$E128:$P128<>"")*(COLUMN(TRIB!$E128:$P128)-COLUMN(TRIB!$E128)+1))))) | D132: =IFERROR(INDEX(PU!$E128:$P128,MATCH(C132,TRIB!$E$1:$P$1,0)),"") | E132: =IFERROR(INDEX(ARCH!$E128:$P128,MATCH(C132,TRIB!$E$1:$P$1,0)),"") | F132: =IFERROR(INDEX(RHO_ARCH!$E128:$P128,MATCH(C132,TRIB!$E$1:$P$1,0)),"") | G132: =IFERROR(INDEX(STATUS!$E128:$P128,MATCH(C132,TRIB!$E$1:$P$1,0)),"") | H132: =IFERROR(INDEX(RECOMMEND!$E128:$P128,MATCH(C132,TRIB!$E$1:$P$1,0)),"") | I132: =COUNTIF(TRIB!$E128:$P128,">0") -> 0 | J132: Outside the draft slab on the 7th east bay; carries only that level in this takedown
A133: =TRIB!A129 -> 7_UNLABELED_96 | B133: =TRIB!D129 -> A | C133: =IF(COUNTIF(TRIB!$E129:$P129,">0")=0,"",INDEX(TRIB!$E$1:$P$1,SUMPRODUCT(MAX((TRIB!$E129:$P129<>"")*(COLUMN(TRIB!$E129:$P129)-COLUMN(TRIB!$E129)+1))))) | D133: =IFERROR(INDEX(PU!$E129:$P129,MATCH(C133,TRIB!$E$1:$P$1,0)),"") | E133: =IFERROR(INDEX(ARCH!$E129:$P129,MATCH(C133,TRIB!$E$1:$P$1,0)),"") | F133: =IFERROR(INDEX(RHO_ARCH!$E129:$P129,MATCH(C133,TRIB!$E$1:$P$1,0)),"") | G133: =IFERROR(INDEX(STATUS!$E129:$P129,MATCH(C133,TRIB!$E$1:$P$1,0)),"") | H133: =IFERROR(INDEX(RECOMMEND!$E129:$P129,MATCH(C133,TRIB!$E$1:$P$1,0)),"") | I133: =COUNTIF(TRIB!$E129:$P129,">0") -> 0 | J133: Outside the draft slab on the 7th east bay; carries only that level in this takedown
A134: =TRIB!A130 -> 7_UNLABELED_97 | B134: =TRIB!D130 -> A | C134: =IF(COUNTIF(TRIB!$E130:$P130,">0")=0,"",INDEX(TRIB!$E$1:$P$1,SUMPRODUCT(MAX((TRIB!$E130:$P130<>"")*(COLUMN(TRIB!$E130:$P130)-COLUMN(TRIB!$E130)+1))))) -> 7 | D134: =IFERROR(INDEX(PU!$E130:$P130,MATCH(C134,TRIB!$E$1:$P$1,0)),"") -> 37.918458 | E134: =IFERROR(INDEX(ARCH!$E130:$P130,MATCH(C134,TRIB!$E$1:$P$1,0)),"") -> 14x36 | F134: =IFERROR(INDEX(RHO_ARCH!$E130:$P130,MATCH(C134,TRIB!$E$1:$P$1,0)),"") -> -0.090260788 | G134: =IFERROR(INDEX(STATUS!$E130:$P130,MATCH(C134,TRIB!$E$1:$P$1,0)),"") -> OK | H134: =IFERROR(INDEX(RECOMMEND!$E130:$P130,MATCH(C134,TRIB!$E$1:$P$1,0)),"") -> 14x24 | I134: =COUNTIF(TRIB!$E130:$P130,">0") -> 1 | J134: Outside the draft slab on the 7th east bay; carries only that level in this takedown
... A138: =TRIB!A134 -> 8_UNLABELED_107 | B138: =TRIB!D134 -> A | C138: =IF(COUNTIF(TRIB!$E134:$P134,">0")=0,"",INDEX(TRIB!$E$1:$P$1,SUMPRODUCT(MAX((TRIB!$E134:$P134<>"")*(COLUMN(TRIB!$E134:$P134)-COLUMN(TRIB!$E134)+1))))) -> 8 | D138: =IFERROR(INDEX(PU!$E134:$P134,MATCH(C138,TRIB!$E$1:$P$1,0)),"") -> 31.787 | E138: =IFERROR(INDEX(ARCH!$E134:$P134,MATCH(C138,TRIB!$E$1:$P$1,0)),"") -> 14x36 | F138: =IFERROR(INDEX(RHO_ARCH!$E134:$P134,MATCH(C138,TRIB!$E$1:$P$1,0)),"") -> -0.090686933 | G138: =IFERROR(INDEX(STATUS!$E134:$P134,MATCH(C138,TRIB!$E$1:$P$1,0)),"") -> OK | H138: =IFERROR(INDEX(RECOMMEND!$E134:$P134,MATCH(C138,TRIB!$E$1:$P$1,0)),"") -> 14x24 | I138: =COUNTIF(TRIB!$E134:$P134,">0") -> 1 | J138: Outside the draft slab on the 7th east bay; carries only that level in this takedown
A140: Status counts at the base
A141: OK | B141: =COUNTIF($G$6:$G$138,"OK") -> 122
A142: HEAVY | B142: =COUNTIF($G$6:$G$138,"HEAVY") -> 1
A143: NG | B143: =COUNTIF($G$6:$G$138,"NG") -> 0
A145: Recommended section counts per level (how many columns the scheme needs at each size)
A146: Section | B146: ROOF | C146: 11 | D146: 10 | E146: 9 | F146: 8 | G146: 7 | H146: 6 | I146: 5 | J146: 4 | K146: 3 | L146: 2 | M146: 1
A147: 14x24 | B147: =COUNTIF(RECOMMEND!E$2:E$134,$A147) -> 64 | C147: =COUNTIF(RECOMMEND!F$2:F$134,$A147) -> 113 | D147: =COUNTIF(RECOMMEND!G$2:G$134,$A147) -> 108 | E147: =COUNTIF(RECOMMEND!H$2:H$134,$A147) -> 106 | F147: =COUNTIF(RECOMMEND!I$2:I$134,$A147) -> 106 | G147: =COUNTIF(RECOMMEND!J$2:J$134,$A147) -> 103 | H147: =COUNTIF(RECOMMEND!K$2:K$134,$A147) -> 60 | I147: =COUNTIF(RECOMMEND!L$2:L$134,$A147) -> 60 | ... M147: =COUNTIF(RECOMMEND!P$2:P$134,$A147) -> 55
A148: 14x30 | B148: =COUNTIF(RECOMMEND!E$2:E$134,$A148) -> 0 | C148: =COUNTIF(RECOMMEND!F$2:F$134,$A148) -> 0 | D148: =COUNTIF(RECOMMEND!G$2:G$134,$A148) -> 0 | E148: =COUNTIF(RECOMMEND!H$2:H$134,$A148) -> 0 | F148: =COUNTIF(RECOMMEND!I$2:I$134,$A148) -> 0 | G148: =COUNTIF(RECOMMEND!J$2:J$134,$A148) -> 0 | H148: =COUNTIF(RECOMMEND!K$2:K$134,$A148) -> 0 | I148: =COUNTIF(RECOMMEND!L$2:L$134,$A148) -> 0 | ... M148: =COUNTIF(RECOMMEND!P$2:P$134,$A148) -> 5
A149: 14x36 | B149: =COUNTIF(RECOMMEND!E$2:E$134,$A149) -> 0 | C149: =COUNTIF(RECOMMEND!F$2:F$134,$A149) -> 0 | D149: =COUNTIF(RECOMMEND!G$2:G$134,$A149) -> 0 | E149: =COUNTIF(RECOMMEND!H$2:H$134,$A149) -> 0 | F149: =COUNTIF(RECOMMEND!I$2:I$134,$A149) -> 0 | G149: =COUNTIF(RECOMMEND!J$2:J$134,$A149) -> 0 | H149: =COUNTIF(RECOMMEND!K$2:K$134,$A149) -> 0 | I149: =COUNTIF(RECOMMEND!L$2:L$134,$A149) -> 0 | ... M149: =COUNTIF(RECOMMEND!P$2:P$134,$A149) -> 0
A150: 14x42 | B150: =COUNTIF(RECOMMEND!E$2:E$134,$A150) -> 0 | C150: =COUNTIF(RECOMMEND!F$2:F$134,$A150) -> 0 | D150: =COUNTIF(RECOMMEND!G$2:G$134,$A150) -> 0 | E150: =COUNTIF(RECOMMEND!H$2:H$134,$A150) -> 0 | F150: =COUNTIF(RECOMMEND!I$2:I$134,$A150) -> 0 | G150: =COUNTIF(RECOMMEND!J$2:J$134,$A150) -> 0 | H150: =COUNTIF(RECOMMEND!K$2:K$134,$A150) -> 0 | I150: =COUNTIF(RECOMMEND!L$2:L$134,$A150) -> 0 | ... M150: =COUNTIF(RECOMMEND!P$2:P$134,$A150) -> 0
A151: 14x48 | B151: =COUNTIF(RECOMMEND!E$2:E$134,$A151) -> 0 | C151: =COUNTIF(RECOMMEND!F$2:F$134,$A151) -> 0 | D151: =COUNTIF(RECOMMEND!G$2:G$134,$A151) -> 0 | E151: =COUNTIF(RECOMMEND!H$2:H$134,$A151) -> 0 | F151: =COUNTIF(RECOMMEND!I$2:I$134,$A151) -> 0 | G151: =COUNTIF(RECOMMEND!J$2:J$134,$A151) -> 0 | H151: =COUNTIF(RECOMMEND!K$2:K$134,$A151) -> 0 | I151: =COUNTIF(RECOMMEND!L$2:L$134,$A151) -> 0 | ... M151: =COUNTIF(RECOMMEND!P$2:P$134,$A151) -> 0
A152: 14x54 | B152: =COUNTIF(RECOMMEND!E$2:E$134,$A152) -> 0 | C152: =COUNTIF(RECOMMEND!F$2:F$134,$A152) -> 0 | D152: =COUNTIF(RECOMMEND!G$2:G$134,$A152) -> 0 | E152: =COUNTIF(RECOMMEND!H$2:H$134,$A152) -> 0 | F152: =COUNTIF(RECOMMEND!I$2:I$134,$A152) -> 0 | G152: =COUNTIF(RECOMMEND!J$2:J$134,$A152) -> 0 | H152: =COUNTIF(RECOMMEND!K$2:K$134,$A152) -> 0 | I152: =COUNTIF(RECOMMEND!L$2:L$134,$A152) -> 0 | ... M152: =COUNTIF(RECOMMEND!P$2:P$134,$A152) -> 0
A153: 14x60 | B153: =COUNTIF(RECOMMEND!E$2:E$134,$A153) -> 0 | C153: =COUNTIF(RECOMMEND!F$2:F$134,$A153) -> 0 | D153: =COUNTIF(RECOMMEND!G$2:G$134,$A153) -> 0 | E153: =COUNTIF(RECOMMEND!H$2:H$134,$A153) -> 0 | F153: =COUNTIF(RECOMMEND!I$2:I$134,$A153) -> 0 | G153: =COUNTIF(RECOMMEND!J$2:J$134,$A153) -> 0 | H153: =COUNTIF(RECOMMEND!K$2:K$134,$A153) -> 0 | I153: =COUNTIF(RECOMMEND!L$2:L$134,$A153) -> 0 | ... M153: =COUNTIF(RECOMMEND!P$2:P$134,$A153) -> 0
A154: 18x60 | B154: =COUNTIF(RECOMMEND!E$2:E$134,$A154) -> 0 | C154: =COUNTIF(RECOMMEND!F$2:F$134,$A154) -> 0 | D154: =COUNTIF(RECOMMEND!G$2:G$134,$A154) -> 0 | E154: =COUNTIF(RECOMMEND!H$2:H$134,$A154) -> 0 | F154: =COUNTIF(RECOMMEND!I$2:I$134,$A154) -> 0 | G154: =COUNTIF(RECOMMEND!J$2:J$134,$A154) -> 0 | H154: =COUNTIF(RECOMMEND!K$2:K$134,$A154) -> 0 | I154: =COUNTIF(RECOMMEND!L$2:L$134,$A154) -> 0 | ... M154: =COUNTIF(RECOMMEND!P$2:P$134,$A154) -> 0
A155: 24x60 | B155: =COUNTIF(RECOMMEND!E$2:E$134,$A155) -> 0 | C155: =COUNTIF(RECOMMEND!F$2:F$134,$A155) -> 0 | D155: =COUNTIF(RECOMMEND!G$2:G$134,$A155) -> 0 | E155: =COUNTIF(RECOMMEND!H$2:H$134,$A155) -> 0 | F155: =COUNTIF(RECOMMEND!I$2:I$134,$A155) -> 0 | G155: =COUNTIF(RECOMMEND!J$2:J$134,$A155) -> 0 | H155: =COUNTIF(RECOMMEND!K$2:K$134,$A155) -> 0 | I155: =COUNTIF(RECOMMEND!L$2:L$134,$A155) -> 0 | ... M155: =COUNTIF(RECOMMEND!P$2:P$134,$A155) -> 0
A156: 18x18 | B156: =COUNTIF(RECOMMEND!E$2:E$134,$A156) -> 0 | C156: =COUNTIF(RECOMMEND!F$2:F$134,$A156) -> 2 | D156: =COUNTIF(RECOMMEND!G$2:G$134,$A156) -> 2 | E156: =COUNTIF(RECOMMEND!H$2:H$134,$A156) -> 2 | F156: =COUNTIF(RECOMMEND!I$2:I$134,$A156) -> 2 | G156: =COUNTIF(RECOMMEND!J$2:J$134,$A156) -> 2 | H156: =COUNTIF(RECOMMEND!K$2:K$134,$A156) -> 2 | I156: =COUNTIF(RECOMMEND!L$2:L$134,$A156) -> 2 | ... M156: =COUNTIF(RECOMMEND!P$2:P$134,$A156) -> 2
A157: 24x24 | B157: =COUNTIF(RECOMMEND!E$2:E$134,$A157) -> 0 | C157: =COUNTIF(RECOMMEND!F$2:F$134,$A157) -> 0 | D157: =COUNTIF(RECOMMEND!G$2:G$134,$A157) -> 0 | E157: =COUNTIF(RECOMMEND!H$2:H$134,$A157) -> 0 | F157: =COUNTIF(RECOMMEND!I$2:I$134,$A157) -> 0 | G157: =COUNTIF(RECOMMEND!J$2:J$134,$A157) -> 0 | H157: =COUNTIF(RECOMMEND!K$2:K$134,$A157) -> 0 | I157: =COUNTIF(RECOMMEND!L$2:L$134,$A157) -> 0 | ... M157: =COUNTIF(RECOMMEND!P$2:P$134,$A157) -> 0
A158: 24x30 | B158: =COUNTIF(RECOMMEND!E$2:E$134,$A158) -> 0 | C158: =COUNTIF(RECOMMEND!F$2:F$134,$A158) -> 0 | D158: =COUNTIF(RECOMMEND!G$2:G$134,$A158) -> 0 | E158: =COUNTIF(RECOMMEND!H$2:H$134,$A158) -> 0 | F158: =COUNTIF(RECOMMEND!I$2:I$134,$A158) -> 0 | G158: =COUNTIF(RECOMMEND!J$2:J$134,$A158) -> 0 | H158: =COUNTIF(RECOMMEND!K$2:K$134,$A158) -> 0 | I158: =COUNTIF(RECOMMEND!L$2:L$134,$A158) -> 0 | ... M158: =COUNTIF(RECOMMEND!P$2:P$134,$A158) -> 0
... A164: 42x42 | B164: =COUNTIF(RECOMMEND!E$2:E$134,$A164) -> 0 | C164: =COUNTIF(RECOMMEND!F$2:F$134,$A164) -> 0 | D164: =COUNTIF(RECOMMEND!G$2:G$134,$A164) -> 0 | E164: =COUNTIF(RECOMMEND!H$2:H$134,$A164) -> 0 | F164: =COUNTIF(RECOMMEND!I$2:I$134,$A164) -> 0 | G164: =COUNTIF(RECOMMEND!J$2:J$134,$A164) -> 0 | H164: =COUNTIF(RECOMMEND!K$2:K$134,$A164) -> 0 | I164: =COUNTIF(RECOMMEND!L$2:L$134,$A164) -> 0 | ... M164: =COUNTIF(RECOMMEND!P$2:P$134,$A164) -> 0
A165: LARGER | B165: =COUNTIF(RECOMMEND!E$2:E$134,"LARGER") -> 0 | C165: =COUNTIF(RECOMMEND!F$2:F$134,"LARGER") -> 0 | D165: =COUNTIF(RECOMMEND!G$2:G$134,"LARGER") -> 0 | E165: =COUNTIF(RECOMMEND!H$2:H$134,"LARGER") -> 0 | F165: =COUNTIF(RECOMMEND!I$2:I$134,"LARGER") -> 0 | G165: =COUNTIF(RECOMMEND!J$2:J$134,"LARGER") -> 0 | H165: =COUNTIF(RECOMMEND!K$2:K$134,"LARGER") -> 0 | I165: =COUNTIF(RECOMMEND!L$2:L$134,"LARGER") -> 0 | ... M165: =COUNTIF(RECOMMEND!P$2:P$134,"LARGER") -> 0
A167: Largest Pu per level (kips) | B167: ROOF | C167: 11 | D167: 10 | E167: 9 | F167: 8 | G167: 7 | H167: 6 | I167: 5 | J167: 4 | K167: 3 | L167: 2 | M167: 1
B168: =MAX(PU!E$2:E$134) -> 186.795 | C168: =MAX(PU!F$2:F$134) -> 460.46 | D168: =MAX(PU!G$2:G$134) -> 650.221 | E168: =MAX(PU!H$2:H$134) -> 808.416 | F168: =MAX(PU!I$2:I$134) -> 948.9726 | G168: =MAX(PU!J$2:J$134) -> 1047.5324 | H168: =MAX(PU!K$2:K$134) -> 1047.5324 | I168: =MAX(PU!L$2:L$134) -> 1047.5324 | ... M168: =MAX(PU!P$2:P$134) -> 1302.292
A170: Method
A171: 1. Tributary area per column per slab from the tributary engine (Voronoi between columns and wall support points, clipped to the fitted slab edge).
A172: 2. Dead = area x (slab self-weight + superimposed) + facade length x plf + column self-weight (architect's section) of the storey below. Live = area x occupancy live load from INPUTS by Section and level.
A173: 3. Live load reduction, ASCE 7-22 4.7: residential share reduced on the cumulative tributary area with the engine's KLL; garage share limited to the garage factor; assembly, lobby and roof shares not reduced.
A174: 4. Pu = 1.2 D + 1.6 L accumulated from the top down; the value at a level is at the bottom of the storey below that slab.
A175: 5. Required gross area at the target ratio from ACI 318-19 22.4.2 (tied: 0.80 phi [0.85 f'c (Ag - Ast) + fy Ast]); the architect's section is checked for the ratio it would need; the recommendation is the smallest family section at the target ratio.
A176: 6. Not included: moments from slab unbalance or lateral load, slenderness, shear walls taking axial load, transfer conditions at the hillside, the garage split levels, and floors 1 to 3 and the roof (assumed, see INPUTS).

Sheet TRIB
A1: Column | B1: x (ft) | C1: y (ft) | D1: Section | E1: ROOF | F1: 11 | G1: 10 | H1: 9 | I1: 8 | J1: 7 | K1: 6 | L1: 5 | M1: 4 | N1: 3 | O1: 2 | P1: 1 | R1: Tributary slab area (sf) per column per level, from the engine's takedown (Voronoi with walls). Assumed levels reuse an engine floor times the INPUTS toggle; ROOF uses Section B only.
A2: C1 | B2: 283.70052 | C2: 569.16697 | D2: =IF(B2="","A",IF(B2>=INPUTS!$B$17,"B","A")) -> A | E2: =IF(AND(INPUTS!$E$24=1,$D2="B",TRIB!F2<>""),TRIB!F2,"") | F2: 328 | G2: 163 | H2: 162 | I2: 162 | J2: 163 | K2: 154 | L2: 154 | M2: 154 | N2: =IF(AND(INPUTS!$E$33=1,TRIB!M2<>""),TRIB!M2,"") -> 154 | O2: =IF(AND(INPUTS!$E$34=1,TRIB!M2<>""),TRIB!M2,"") -> 154 | P2: =IF(AND(INPUTS!$E$35=1,TRIB!M2<>""),TRIB!M2,"") -> 154
A3: C2 | B3: 283.56914 | C3: 554.06436 | D3: =IF(B3="","A",IF(B3>=INPUTS!$B$17,"B","A")) -> A | E3: =IF(AND(INPUTS!$E$24=1,$D3="B",TRIB!F3<>""),TRIB!F3,"") | G3: 300 | H3: 299 | I3: 299 | J3: 299 | K3: 299 | L3: 299 | M3: 299 | N3: =IF(AND(INPUTS!$E$33=1,TRIB!M3<>""),TRIB!M3,"") -> 299 | O3: =IF(AND(INPUTS!$E$34=1,TRIB!M3<>""),TRIB!M3,"") -> 299 | P3: =IF(AND(INPUTS!$E$35=1,TRIB!M3<>""),TRIB!M3,"") -> 299
A4: C3 | B4: 302.32736 | C4: 538.83473 | D4: =IF(B4="","A",IF(B4>=INPUTS!$B$17,"B","A")) -> A | E4: =IF(AND(INPUTS!$E$24=1,$D4="B",TRIB!F4<>""),TRIB!F4,"") | F4: 294 | G4: 287 | H4: 275 | I4: 275 | J4: 275 | K4: 275 | L4: 277 | M4: 277 | N4: =IF(AND(INPUTS!$E$33=1,TRIB!M4<>""),TRIB!M4,"") -> 277 | O4: =IF(AND(INPUTS!$E$34=1,TRIB!M4<>""),TRIB!M4,"") -> 277 | P4: =IF(AND(INPUTS!$E$35=1,TRIB!M4<>""),TRIB!M4,"") -> 277
A5: C4 | B5: 301.5302 | C5: 560.06227 | D5: =IF(B5="","A",IF(B5>=INPUTS!$B$17,"B","A")) -> A | E5: =IF(AND(INPUTS!$E$24=1,$D5="B",TRIB!F5<>""),TRIB!F5,"") | F5: 351 | G5: 282 | H5: 282 | I5: 282 | J5: 282 | K5: 282 | L5: 282 | M5: 282 | N5: =IF(AND(INPUTS!$E$33=1,TRIB!M5<>""),TRIB!M5,"") -> 282 | O5: =IF(AND(INPUTS!$E$34=1,TRIB!M5<>""),TRIB!M5,"") -> 282 | P5: =IF(AND(INPUTS!$E$35=1,TRIB!M5<>""),TRIB!M5,"") -> 282
A6: C5 | B6: 311.63942 | C6: 569.16697 | D6: =IF(B6="","A",IF(B6>=INPUTS!$B$17,"B","A")) -> A | E6: =IF(AND(INPUTS!$E$24=1,$D6="B",TRIB!F6<>""),TRIB!F6,"") | F6: 96 | G6: 104 | H6: 104 | I6: 104 | J6: 104 | K6: 99 | L6: 99 | M6: 99 | N6: =IF(AND(INPUTS!$E$33=1,TRIB!M6<>""),TRIB!M6,"") -> 99 | O6: =IF(AND(INPUTS!$E$34=1,TRIB!M6<>""),TRIB!M6,"") -> 99 | P6: =IF(AND(INPUTS!$E$35=1,TRIB!M6<>""),TRIB!M6,"") -> 99
A7: C6 | B7: 313.93295 | C7: 553.64886 | D7: =IF(B7="","A",IF(B7>=INPUTS!$B$17,"B","A")) -> A | E7: =IF(AND(INPUTS!$E$24=1,$D7="B",TRIB!F7<>""),TRIB!F7,"") | F7: 216 | G7: 216 | H7: 216 | I7: 216 | J7: 216 | K7: 215 | L7: 215 | M7: 215 | N7: =IF(AND(INPUTS!$E$33=1,TRIB!M7<>""),TRIB!M7,"") -> 215 | O7: =IF(AND(INPUTS!$E$34=1,TRIB!M7<>""),TRIB!M7,"") -> 215 | P7: =IF(AND(INPUTS!$E$35=1,TRIB!M7<>""),TRIB!M7,"") -> 215
A8: C7 | B8: 336.33509 | C8: 514.66264 | D8: =IF(B8="","A",IF(B8>=INPUTS!$B$17,"B","A")) -> A | E8: =IF(AND(INPUTS!$E$24=1,$D8="B",TRIB!F8<>""),TRIB!F8,"") | F8: 381 | G8: 407 | H8: 407 | I8: 407 | J8: 407 | K8: 407 | L8: 407 | M8: 407 | N8: =IF(AND(INPUTS!$E$33=1,TRIB!M8<>""),TRIB!M8,"") -> 407 | O8: =IF(AND(INPUTS!$E$34=1,TRIB!M8<>""),TRIB!M8,"") -> 407 | P8: =IF(AND(INPUTS!$E$35=1,TRIB!M8<>""),TRIB!M8,"") -> 407
A9: C8 | B9: 346.65209 | C9: 529.37224 | D9: =IF(B9="","A",IF(B9>=INPUTS!$B$17,"B","A")) -> A | E9: =IF(AND(INPUTS!$E$24=1,$D9="B",TRIB!F9<>""),TRIB!F9,"") | F9: 438 | G9: 438 | H9: 438 | I9: 438 | J9: 438 | K9: 438 | L9: 438 | M9: 438 | N9: =IF(AND(INPUTS!$E$33=1,TRIB!M9<>""),TRIB!M9,"") -> 438 | O9: =IF(AND(INPUTS!$E$34=1,TRIB!M9<>""),TRIB!M9,"") -> 438 | P9: =IF(AND(INPUTS!$E$35=1,TRIB!M9<>""),TRIB!M9,"") -> 438
A10: C9 | B10: 356.10812 | C10: 546.09305 | D10: =IF(B10="","A",IF(B10>=INPUTS!$B$17,"B","A")) -> A | E10: =IF(AND(INPUTS!$E$24=1,$D10="B",TRIB!F10<>""),TRIB!F10,"") | F10: 468 | G10: 468 | H10: 468 | I10: 468 | J10: 468 | K10: 468 | L10: 468 | M10: 468 | N10: =IF(AND(INPUTS!$E$33=1,TRIB!M10<>""),TRIB!M10,"") -> 468 | O10: =IF(AND(INPUTS!$E$34=1,TRIB!M10<>""),TRIB!M10,"") -> 468 | P10: =IF(AND(INPUTS!$E$35=1,TRIB!M10<>""),TRIB!M10,"") -> 468
A11: C10 | B11: 357.42596 | C11: 500.43849 | D11: =IF(B11="","A",IF(B11>=INPUTS!$B$17,"B","A")) -> A | E11: =IF(AND(INPUTS!$E$24=1,$D11="B",TRIB!F11<>""),TRIB!F11,"") | F11: 390 | G11: 418 | H11: 418 | I11: 418 | J11: 418 | K11: 418 | L11: 418 | M11: 418 | N11: =IF(AND(INPUTS!$E$33=1,TRIB!M11<>""),TRIB!M11,"") -> 418 | O11: =IF(AND(INPUTS!$E$34=1,TRIB!M11<>""),TRIB!M11,"") -> 418 | P11: =IF(AND(INPUTS!$E$35=1,TRIB!M11<>""),TRIB!M11,"") -> 418
A12: C11 | B12: 363.12676 | C12: 569.16697 | D12: =IF(B12="","A",IF(B12>=INPUTS!$B$17,"B","A")) -> A | E12: =IF(AND(INPUTS!$E$24=1,$D12="B",TRIB!F12<>""),TRIB!F12,"") | F12: 115 | G12: 115 | H12: 115 | I12: 115 | J12: 115 | K12: 104 | L12: 104 | M12: 104 | N12: =IF(AND(INPUTS!$E$33=1,TRIB!M12<>""),TRIB!M12,"") -> 104 | O12: =IF(AND(INPUTS!$E$34=1,TRIB!M12<>""),TRIB!M12,"") -> 104 | P12: =IF(AND(INPUTS!$E$35=1,TRIB!M12<>""),TRIB!M12,"") -> 104
A13: C12 | B13: 366.75277 | C13: 517.3193 | D13: =IF(B13="","A",IF(B13>=INPUTS!$B$17,"B","A")) -> A | E13: =IF(AND(INPUTS!$E$24=1,$D13="B",TRIB!F13<>""),TRIB!F13,"") | F13: 474 | G13: 474 | H13: 474 | I13: 474 | J13: 474 | K13: 474 | L13: 474 | M13: 474 | N13: =IF(AND(INPUTS!$E$33=1,TRIB!M13<>""),TRIB!M13,"") -> 474 | O13: =IF(AND(INPUTS!$E$34=1,TRIB!M13<>""),TRIB!M13,"") -> 474 | P13: =IF(AND(INPUTS!$E$35=1,TRIB!M13<>""),TRIB!M13,"") -> 474
A14: C13 | B14: 369.2073 | C14: 565.39679 | D14: =IF(B14="","A",IF(B14>=INPUTS!$B$17,"B","A")) -> A | E14: =IF(AND(INPUTS!$E$24=1,$D14="B",TRIB!F14<>""),TRIB!F14,"") | F14: 292 | G14: 292 | H14: 292 | I14: 292 | J14: 292 | K14: 282 | L14: 282 | M14: 282 | N14: =IF(AND(INPUTS!$E$33=1,TRIB!M14<>""),TRIB!M14,"") -> 282 | O14: =IF(AND(INPUTS!$E$34=1,TRIB!M14<>""),TRIB!M14,"") -> 282 | P14: =IF(AND(INPUTS!$E$35=1,TRIB!M14<>""),TRIB!M14,"") -> 282
A15: C14 | B15: 379.78672 | C15: 488.14041 | D15: =IF(B15="","A",IF(B15>=INPUTS!$B$17,"B","A")) -> A | E15: =IF(AND(INPUTS!$E$24=1,$D15="B",TRIB!F15<>""),TRIB!F15,"") | F15: 284 | G15: 263 | H15: 263 | I15: 263 | J15: 263 | K15: 263 | L15: 263 | M15: 263 | N15: =IF(AND(INPUTS!$E$33=1,TRIB!M15<>""),TRIB!M15,"") -> 263 | O15: =IF(AND(INPUTS!$E$34=1,TRIB!M15<>""),TRIB!M15,"") -> 263 | P15: =IF(AND(INPUTS!$E$35=1,TRIB!M15<>""),TRIB!M15,"") -> 263
... A34: C33 | B34: 489.06481 | C34: 457.47643 | D34: =IF(B34="","A",IF(B34>=INPUTS!$B$17,"B","A")) -> A | E34: =IF(AND(INPUTS!$E$24=1,$D34="B",TRIB!F34<>""),TRIB!F34,"") | F34: 199 | G34: 308 | H34: 271 | I34: 271 | J34: 271 | K34: 271 | L34: 271 | M34: 271 | N34: =IF(AND(INPUTS!$E$33=1,TRIB!M34<>""),TRIB!M34,"") -> 271 | O34: =IF(AND(INPUTS!$E$34=1,TRIB!M34<>""),TRIB!M34,"") -> 271 | P34: =IF(AND(INPUTS!$E$35=1,TRIB!M34<>""),TRIB!M34,"") -> 271
A35: C34 | B35: 490.93072 | C35: 476.67579 | D35: =IF(B35="","A",IF(B35>=INPUTS!$B$17,"B","A")) -> A | E35: =IF(AND(INPUTS!$E$24=1,$D35="B",TRIB!F35<>""),TRIB!F35,"") | G35: 415 | H35: 415 | I35: 415 | J35: 415 | K35: 415 | L35: 415 | M35: 415 | N35: =IF(AND(INPUTS!$E$33=1,TRIB!M35<>""),TRIB!M35,"") -> 415 | O35: =IF(AND(INPUTS!$E$34=1,TRIB!M35<>""),TRIB!M35,"") -> 415 | P35: =IF(AND(INPUTS!$E$35=1,TRIB!M35<>""),TRIB!M35,"") -> 415
A36: C35 | B36: 496.47575 | C36: 499.58672 | D36: =IF(B36="","A",IF(B36>=INPUTS!$B$17,"B","A")) -> A | E36: =IF(AND(INPUTS!$E$24=1,$D36="B",TRIB!F36<>""),TRIB!F36,"") | F36: 612 | G36: 610 | H36: 610 | I36: 610 | J36: 610 | K36: 610 | L36: 610 | M36: 610 | N36: =IF(AND(INPUTS!$E$33=1,TRIB!M36<>""),TRIB!M36,"") -> 610 | O36: =IF(AND(INPUTS!$E$34=1,TRIB!M36<>""),TRIB!M36,"") -> 610 | P36: =IF(AND(INPUTS!$E$35=1,TRIB!M36<>""),TRIB!M36,"") -> 610
A37: C36 | B37: 498.8676 | C37: 523.1991 | D37: =IF(B37="","A",IF(B37>=INPUTS!$B$17,"B","A")) -> A | E37: =IF(AND(INPUTS!$E$24=1,$D37="B",TRIB!F37<>""),TRIB!F37,"") | F37: 276 | G37: 285 | H37: 285 | I37: 285 | J37: 285 | K37: 276 | L37: 276 | M37: 276 | N37: =IF(AND(INPUTS!$E$33=1,TRIB!M37<>""),TRIB!M37,"") -> 276 | O37: =IF(AND(INPUTS!$E$34=1,TRIB!M37<>""),TRIB!M37,"") -> 276 | P37: =IF(AND(INPUTS!$E$35=1,TRIB!M37<>""),TRIB!M37,"") -> 276
A38: C37 | B38: 501.10001 | C38: 455.78498 | D38: =IF(B38="","A",IF(B38>=INPUTS!$B$17,"B","A")) -> A | E38: =IF(AND(INPUTS!$E$24=1,$D38="B",TRIB!F38<>""),TRIB!F38,"") | F38: 158 | G38: 264 | H38: 236 | I38: 236 | J38: 236 | K38: 236 | L38: 236 | M38: 236 | N38: =IF(AND(INPUTS!$E$33=1,TRIB!M38<>""),TRIB!M38,"") -> 236 | O38: =IF(AND(INPUTS!$E$34=1,TRIB!M38<>""),TRIB!M38,"") -> 236 | P38: =IF(AND(INPUTS!$E$35=1,TRIB!M38<>""),TRIB!M38,"") -> 236
A39: C38 | B39: 501.9128 | C39: 469.05969 | D39: =IF(B39="","A",IF(B39>=INPUTS!$B$17,"B","A")) -> A | E39: =IF(AND(INPUTS!$E$24=1,$D39="B",TRIB!F39<>""),TRIB!F39,"") | F39: 357 | G39: 360 | H39: 360 | I39: 360 | J39: 360 | K39: 360 | L39: 360 | M39: 360 | N39: =IF(AND(INPUTS!$E$33=1,TRIB!M39<>""),TRIB!M39,"") -> 360 | O39: =IF(AND(INPUTS!$E$34=1,TRIB!M39<>""),TRIB!M39,"") -> 360 | P39: =IF(AND(INPUTS!$E$35=1,TRIB!M39<>""),TRIB!M39,"") -> 360
A40: C39 | B40: 512.94598 | C40: 551.27331 | D40: =IF(B40="","A",IF(B40>=INPUTS!$B$17,"B","A")) -> A | E40: =IF(AND(INPUTS!$E$24=1,$D40="B",TRIB!F40<>""),TRIB!F40,"") | F40: 112 | G40: 126 | H40: 126 | I40: 126 | J40: 126 | K40: 112 | L40: 111 | M40: 111 | N40: =IF(AND(INPUTS!$E$33=1,TRIB!M40<>""),TRIB!M40,"") -> 111 | O40: =IF(AND(INPUTS!$E$34=1,TRIB!M40<>""),TRIB!M40,"") -> 111 | P40: =IF(AND(INPUTS!$E$35=1,TRIB!M40<>""),TRIB!M40,"") -> 111
A41: C40 | B41: 512.94598 | C41: 565.46534 | D41: =IF(B41="","A",IF(B41>=INPUTS!$B$17,"B","A")) -> A | E41: =IF(AND(INPUTS!$E$24=1,$D41="B",TRIB!F41<>""),TRIB!F41,"") | F41: 116 | G41: 129 | H41: 398 | I41: 131 | J41: 130 | K41: 114 | L41: 115 | M41: 115 | N41: =IF(AND(INPUTS!$E$33=1,TRIB!M41<>""),TRIB!M41,"") -> 115 | O41: =IF(AND(INPUTS!$E$34=1,TRIB!M41<>""),TRIB!M41,"") -> 115 | P41: =IF(AND(INPUTS!$E$35=1,TRIB!M41<>""),TRIB!M41,"") -> 115
A42: C41 | B42: 517.14167 | C42: 521.43199 | D42: =IF(B42="","A",IF(B42>=INPUTS!$B$17,"B","A")) -> A | E42: =IF(AND(INPUTS!$E$24=1,$D42="B",TRIB!F42<>""),TRIB!F42,"") | F42: 192 | G42: 192 | H42: 192 | I42: 192 | J42: 192 | K42: 193 | L42: 193 | M42: 193 | N42: =IF(AND(INPUTS!$E$33=1,TRIB!M42<>""),TRIB!M42,"") -> 193 | O42: =IF(AND(INPUTS!$E$34=1,TRIB!M42<>""),TRIB!M42,"") -> 193 | P42: =IF(AND(INPUTS!$E$35=1,TRIB!M42<>""),TRIB!M42,"") -> 193
A43: C42 | B43: 519.92514 | C43: 534.54987 | D43: =IF(B43="","A",IF(B43>=INPUTS!$B$17,"B","A")) -> A | E43: =IF(AND(INPUTS!$E$24=1,$D43="B",TRIB!F43<>""),TRIB!F43,"") | F43: 169 | G43: 175 | H43: 175 | I43: 175 | J43: 175 | K43: 168 | L43: 168 | M43: 168 | N43: =IF(AND(INPUTS!$E$33=1,TRIB!M43<>""),TRIB!M43,"") -> 168 | O43: =IF(AND(INPUTS!$E$34=1,TRIB!M43<>""),TRIB!M43,"") -> 168 | P43: =IF(AND(INPUTS!$E$35=1,TRIB!M43<>""),TRIB!M43,"") -> 168
A44: C43 | B44: 522.70392 | C44: 491.49682 | D44: =IF(B44="","A",IF(B44>=INPUTS!$B$17,"B","A")) -> A | E44: =IF(AND(INPUTS!$E$24=1,$D44="B",TRIB!F44<>""),TRIB!F44,"") | F44: 485 | G44: 485 | H44: 485 | I44: 485 | J44: 486 | K44: 486 | L44: 486 | M44: 486 | N44: =IF(AND(INPUTS!$E$33=1,TRIB!M44<>""),TRIB!M44,"") -> 486 | O44: =IF(AND(INPUTS!$E$34=1,TRIB!M44<>""),TRIB!M44,"") -> 486 | P44: =IF(AND(INPUTS!$E$35=1,TRIB!M44<>""),TRIB!M44,"") -> 486
A45: C44 | B45: 525.78725 | C45: 512.24073 | D45: =IF(B45="","A",IF(B45>=INPUTS!$B$17,"B","A")) -> A | E45: =IF(AND(INPUTS!$E$24=1,$D45="B",TRIB!F45<>""),TRIB!F45,"") | F45: 224 | G45: 224 | H45: 224 | I45: 224 | J45: 224 | K45: 224 | L45: 224 | M45: 224 | N45: =IF(AND(INPUTS!$E$33=1,TRIB!M45<>""),TRIB!M45,"") -> 224 | O45: =IF(AND(INPUTS!$E$34=1,TRIB!M45<>""),TRIB!M45,"") -> 224 | P45: =IF(AND(INPUTS!$E$35=1,TRIB!M45<>""),TRIB!M45,"") -> 224
A46: C45 | B46: 526.59666 | C46: 452.93692 | D46: =IF(B46="","A",IF(B46>=INPUTS!$B$17,"B","A")) -> A | E46: =IF(AND(INPUTS!$E$24=1,$D46="B",TRIB!F46<>""),TRIB!F46,"") | F46: 139 | G46: 245 | H46: 244 | I46: 244 | J46: 244 | K46: 244 | L46: 244 | M46: 244 | N46: =IF(AND(INPUTS!$E$33=1,TRIB!M46<>""),TRIB!M46,"") -> 244 | O46: =IF(AND(INPUTS!$E$34=1,TRIB!M46<>""),TRIB!M46,"") -> 244 | P46: =IF(AND(INPUTS!$E$35=1,TRIB!M46<>""),TRIB!M46,"") -> 244
A47: C46 | B47: 526.59666 | C47: 468.19646 | D47: =IF(B47="","A",IF(B47>=INPUTS!$B$17,"B","A")) -> A | E47: =IF(AND(INPUTS!$E$24=1,$D47="B",TRIB!F47<>""),TRIB!F47,"") | F47: 474 | G47: 474 | H47: 474 | I47: 474 | J47: 475 | K47: 475 | L47: 475 | M47: 475 | N47: =IF(AND(INPUTS!$E$33=1,TRIB!M47<>""),TRIB!M47,"") -> 475 | O47: =IF(AND(INPUTS!$E$34=1,TRIB!M47<>""),TRIB!M47,"") -> 475 | P47: =IF(AND(INPUTS!$E$35=1,TRIB!M47<>""),TRIB!M47,"") -> 475
... A63: C62 | B63: 634.92099 | C63: 452.93692 | D63: =IF(B63="","A",IF(B63>=INPUTS!$B$17,"B","A")) -> B | E63: =IF(AND(INPUTS!$E$24=1,$D63="B",TRIB!F63<>""),TRIB!F63,"") -> 257 | F63: 257 | G63: 247 | H63: 342 | I63: 342 | J63: 342 | K63: 317 | L63: 89 | M63: 89 | N63: =IF(AND(INPUTS!$E$33=1,TRIB!M63<>""),TRIB!M63,"") -> 89 | O63: =IF(AND(INPUTS!$E$34=1,TRIB!M63<>""),TRIB!M63,"") -> 89 | P63: =IF(AND(INPUTS!$E$35=1,TRIB!M63<>""),TRIB!M63,"") -> 89
A64: C63 | B64: 582.98187 | C64: 1885.9394 | D64: =IF(B64="","A",IF(B64>=INPUTS!$B$17,"B","A")) -> B | E64: =IF(AND(INPUTS!$E$24=1,$D64="B",TRIB!F64<>""),TRIB!F64,"") -> 770 | F64: 770 | G64: 539 | H64: 539 | I64: 539 | J64: 553 | N64: =IF(AND(INPUTS!$E$33=1,TRIB!M64<>""),TRIB!M64,"") | O64: =IF(AND(INPUTS!$E$34=1,TRIB!M64<>""),TRIB!M64,"") | P64: =IF(AND(INPUTS!$E$35=1,TRIB!M64<>""),TRIB!M64,"")
A65: C64 | B65: 582.98187 | C65: 1919.106 | D65: =IF(B65="","A",IF(B65>=INPUTS!$B$17,"B","A")) -> B | E65: =IF(AND(INPUTS!$E$24=1,$D65="B",TRIB!F65<>""),TRIB!F65,"") -> 611 | F65: 611 | G65: 550 | H65: 551 | I65: 551 | J65: 569 | N65: =IF(AND(INPUTS!$E$33=1,TRIB!M65<>""),TRIB!M65,"") | O65: =IF(AND(INPUTS!$E$34=1,TRIB!M65<>""),TRIB!M65,"") | P65: =IF(AND(INPUTS!$E$35=1,TRIB!M65<>""),TRIB!M65,"")
A66: C65 | B66: 582.98187 | C66: 1945.7727 | D66: =IF(B66="","A",IF(B66>=INPUTS!$B$17,"B","A")) -> B | E66: =IF(AND(INPUTS!$E$24=1,$D66="B",TRIB!F66<>""),TRIB!F66,"") -> 399 | F66: 399 | G66: 339 | H66: 347 | I66: 347 | J66: 703 | N66: =IF(AND(INPUTS!$E$33=1,TRIB!M66<>""),TRIB!M66,"") | O66: =IF(AND(INPUTS!$E$34=1,TRIB!M66<>""),TRIB!M66,"") | P66: =IF(AND(INPUTS!$E$35=1,TRIB!M66<>""),TRIB!M66,"")
A67: C66 | B67: 586.05464 | C67: 1860.7733 | D67: =IF(B67="","A",IF(B67>=INPUTS!$B$17,"B","A")) -> B | E67: =IF(AND(INPUTS!$E$24=1,$D67="B",TRIB!F67<>""),TRIB!F67,"") -> 567 | F67: 567 | G67: 402 | H67: 402 | I67: 402 | J67: 396 | N67: =IF(AND(INPUTS!$E$33=1,TRIB!M67<>""),TRIB!M67,"") | O67: =IF(AND(INPUTS!$E$34=1,TRIB!M67<>""),TRIB!M67,"") | P67: =IF(AND(INPUTS!$E$35=1,TRIB!M67<>""),TRIB!M67,"")
A68: C67 | B68: 608.2213 | C68: 1888.782 | D68: =IF(B68="","A",IF(B68>=INPUTS!$B$17,"B","A")) -> B | E68: =IF(AND(INPUTS!$E$24=1,$D68="B",TRIB!F68<>""),TRIB!F68,"") -> 738 | F68: 738 | G68: 520 | H68: 520 | I68: 520 | J68: 770 | N68: =IF(AND(INPUTS!$E$33=1,TRIB!M68<>""),TRIB!M68,"") | O68: =IF(AND(INPUTS!$E$34=1,TRIB!M68<>""),TRIB!M68,"") | P68: =IF(AND(INPUTS!$E$35=1,TRIB!M68<>""),TRIB!M68,"")
A69: C68 | B69: 608.2213 | C69: 1919.782 | D69: =IF(B69="","A",IF(B69>=INPUTS!$B$17,"B","A")) -> B | E69: =IF(AND(INPUTS!$E$24=1,$D69="B",TRIB!F69<>""),TRIB!F69,"") -> 750 | F69: 750 | G69: 555 | H69: 555 | I69: 555 | J69: 757 | N69: =IF(AND(INPUTS!$E$33=1,TRIB!M69<>""),TRIB!M69,"") | O69: =IF(AND(INPUTS!$E$34=1,TRIB!M69<>""),TRIB!M69,"") | P69: =IF(AND(INPUTS!$E$35=1,TRIB!M69<>""),TRIB!M69,"")
A70: C69 | B70: 608.2213 | C70: 1946.9477 | D70: =IF(B70="","A",IF(B70>=INPUTS!$B$17,"B","A")) -> B | E70: =IF(AND(INPUTS!$E$24=1,$D70="B",TRIB!F70<>""),TRIB!F70,"") -> 373 | F70: 373 | G70: 373 | H70: 373 | I70: 373 | J70: 672 | N70: =IF(AND(INPUTS!$E$33=1,TRIB!M70<>""),TRIB!M70,"") | O70: =IF(AND(INPUTS!$E$34=1,TRIB!M70<>""),TRIB!M70,"") | P70: =IF(AND(INPUTS!$E$35=1,TRIB!M70<>""),TRIB!M70,"")
A71: C70 | B71: 612.7213 | C71: 1860.7733 | D71: =IF(B71="","A",IF(B71>=INPUTS!$B$17,"B","A")) -> B | E71: =IF(AND(INPUTS!$E$24=1,$D71="B",TRIB!F71<>""),TRIB!F71,"") -> 548 | F71: 548 | G71: 508 | H71: 508 | I71: 508 | J71: 503 | N71: =IF(AND(INPUTS!$E$33=1,TRIB!M71<>""),TRIB!M71,"") | O71: =IF(AND(INPUTS!$E$34=1,TRIB!M71<>""),TRIB!M71,"") | P71: =IF(AND(INPUTS!$E$35=1,TRIB!M71<>""),TRIB!M71,"")
A72: C71 | B72: 634.88797 | C72: 1860.7733 | D72: =IF(B72="","A",IF(B72>=INPUTS!$B$17,"B","A")) -> B | E72: =IF(AND(INPUTS!$E$24=1,$D72="B",TRIB!F72<>""),TRIB!F72,"") -> 515 | F72: 515 | G72: 506 | H72: 506 | I72: 506 | J72: 500 | N72: =IF(AND(INPUTS!$E$33=1,TRIB!M72<>""),TRIB!M72,"") | O72: =IF(AND(INPUTS!$E$34=1,TRIB!M72<>""),TRIB!M72,"") | P72: =IF(AND(INPUTS!$E$35=1,TRIB!M72<>""),TRIB!M72,"")
A73: C72 | B73: 634.88797 | C73: 1888.782 | D73: =IF(B73="","A",IF(B73>=INPUTS!$B$17,"B","A")) -> B | E73: =IF(AND(INPUTS!$E$24=1,$D73="B",TRIB!F73<>""),TRIB!F73,"") -> 75 | F73: 75 | G73: 501 | H73: 501 | I73: 501 | J73: 558 | N73: =IF(AND(INPUTS!$E$33=1,TRIB!M73<>""),TRIB!M73,"") | O73: =IF(AND(INPUTS!$E$34=1,TRIB!M73<>""),TRIB!M73,"") | P73: =IF(AND(INPUTS!$E$35=1,TRIB!M73<>""),TRIB!M73,"")
A74: C73 | B74: 634.88797 | C74: 1919.782 | D74: =IF(B74="","A",IF(B74>=INPUTS!$B$17,"B","A")) -> B | E74: =IF(AND(INPUTS!$E$24=1,$D74="B",TRIB!F74<>""),TRIB!F74,"") -> 561 | F74: 561 | G74: 533 | H74: 533 | I74: 533 | J74: 588 | N74: =IF(AND(INPUTS!$E$33=1,TRIB!M74<>""),TRIB!M74,"") | O74: =IF(AND(INPUTS!$E$34=1,TRIB!M74<>""),TRIB!M74,"") | P74: =IF(AND(INPUTS!$E$35=1,TRIB!M74<>""),TRIB!M74,"")
A75: C74 | B75: 634.88797 | C75: 1946.7915 | D75: =IF(B75="","A",IF(B75>=INPUTS!$B$17,"B","A")) -> B | E75: =IF(AND(INPUTS!$E$24=1,$D75="B",TRIB!F75<>""),TRIB!F75,"") -> 512 | F75: 512 | G75: 512 | H75: 512 | I75: 512 | J75: 822 | N75: =IF(AND(INPUTS!$E$33=1,TRIB!M75<>""),TRIB!M75,"") | O75: =IF(AND(INPUTS!$E$34=1,TRIB!M75<>""),TRIB!M75,"") | P75: =IF(AND(INPUTS!$E$35=1,TRIB!M75<>""),TRIB!M75,"")
... A86: C85 | B86: 689.0208 | C86: 1901.782 | D86: =IF(B86="","A",IF(B86>=INPUTS!$B$17,"B","A")) -> B | E86: =IF(AND(INPUTS!$E$24=1,$D86="B",TRIB!F86<>""),TRIB!F86,"") -> 26 | F86: 26 | G86: 26 | H86: 26 | I86: 20 | J86: 196 | N86: =IF(AND(INPUTS!$E$33=1,TRIB!M86<>""),TRIB!M86,"") | O86: =IF(AND(INPUTS!$E$34=1,TRIB!M86<>""),TRIB!M86,"") | P86: =IF(AND(INPUTS!$E$35=1,TRIB!M86<>""),TRIB!M86,"")
A87: C86 | B87: 688.10414 | C87: 3283.782 | D87: =IF(B87="","A",IF(B87>=INPUTS!$B$17,"B","A")) -> B | E87: =IF(AND(INPUTS!$E$24=1,$D87="B",TRIB!F87<>""),TRIB!F87,"") -> 532 | F87: 532 | G87: 532 | H87: 532 | N87: =IF(AND(INPUTS!$E$33=1,TRIB!M87<>""),TRIB!M87,"") | O87: =IF(AND(INPUTS!$E$34=1,TRIB!M87<>""),TRIB!M87,"") | P87: =IF(AND(INPUTS!$E$35=1,TRIB!M87<>""),TRIB!M87,"")
A88: C87 | B88: 688.10414 | C88: 3310.7915 | D88: =IF(B88="","A",IF(B88>=INPUTS!$B$17,"B","A")) -> B | E88: =IF(AND(INPUTS!$E$24=1,$D88="B",TRIB!F88<>""),TRIB!F88,"") -> 532 | F88: 532 | G88: 455 | H88: 452 | N88: =IF(AND(INPUTS!$E$33=1,TRIB!M88<>""),TRIB!M88,"") | O88: =IF(AND(INPUTS!$E$34=1,TRIB!M88<>""),TRIB!M88,"") | P88: =IF(AND(INPUTS!$E$35=1,TRIB!M88<>""),TRIB!M88,"")
A89: C88 | B89: 696.55042 | C89: 1816.9369 | D89: =IF(B89="","A",IF(B89>=INPUTS!$B$17,"B","A")) -> B | E89: =IF(AND(INPUTS!$E$24=1,$D89="B",TRIB!F89<>""),TRIB!F89,"") -> 565 | F89: 565 | G89: 354 | H89: 422 | I89: 422 | J89: 376 | N89: =IF(AND(INPUTS!$E$33=1,TRIB!M89<>""),TRIB!M89,"") | O89: =IF(AND(INPUTS!$E$34=1,TRIB!M89<>""),TRIB!M89,"") | P89: =IF(AND(INPUTS!$E$35=1,TRIB!M89<>""),TRIB!M89,"")
A90: C89 | B90: 707.71697 | C90: 1901.782 | D90: =IF(B90="","A",IF(B90>=INPUTS!$B$17,"B","A")) -> B | E90: =IF(AND(INPUTS!$E$24=1,$D90="B",TRIB!F90<>""),TRIB!F90,"") -> 21 | F90: 21 | G90: 21 | H90: 21 | I90: 21 | J90: 164 | N90: =IF(AND(INPUTS!$E$33=1,TRIB!M90<>""),TRIB!M90,"") | O90: =IF(AND(INPUTS!$E$34=1,TRIB!M90<>""),TRIB!M90,"") | P90: =IF(AND(INPUTS!$E$35=1,TRIB!M90<>""),TRIB!M90,"")
A91: C90 | B91: 714.74352 | C91: 1888.782 | D91: =IF(B91="","A",IF(B91>=INPUTS!$B$17,"B","A")) -> B | E91: =IF(AND(INPUTS!$E$24=1,$D91="B",TRIB!F91<>""),TRIB!F91,"") -> 461 | F91: 461 | G91: 482 | H91: 482 | I91: 484 | J91: 335 | N91: =IF(AND(INPUTS!$E$33=1,TRIB!M91<>""),TRIB!M91,"") | O91: =IF(AND(INPUTS!$E$34=1,TRIB!M91<>""),TRIB!M91,"") | P91: =IF(AND(INPUTS!$E$35=1,TRIB!M91<>""),TRIB!M91,"")
A92: C91 | B92: 714.74352 | C92: 2601.782 | D92: =IF(B92="","A",IF(B92>=INPUTS!$B$17,"B","A")) -> B | E92: =IF(AND(INPUTS!$E$24=1,$D92="B",TRIB!F92<>""),TRIB!F92,"") -> 594 | F92: 594 | G92: 594 | H92: 594 | I92: 594 | N92: =IF(AND(INPUTS!$E$33=1,TRIB!M92<>""),TRIB!M92,"") | O92: =IF(AND(INPUTS!$E$34=1,TRIB!M92<>""),TRIB!M92,"") | P92: =IF(AND(INPUTS!$E$35=1,TRIB!M92<>""),TRIB!M92,"")
A93: C92 | B93: 714.74352 | C93: 2628.7915 | D93: =IF(B93="","A",IF(B93>=INPUTS!$B$17,"B","A")) -> B | E93: =IF(AND(INPUTS!$E$24=1,$D93="B",TRIB!F93<>""),TRIB!F93,"") -> 594 | F93: 594 | G93: 592 | H93: 594 | I93: 594 | N93: =IF(AND(INPUTS!$E$33=1,TRIB!M93<>""),TRIB!M93,"") | O93: =IF(AND(INPUTS!$E$34=1,TRIB!M93<>""),TRIB!M93,"") | P93: =IF(AND(INPUTS!$E$35=1,TRIB!M93<>""),TRIB!M93,"")
A94: C93 | B94: 715.31497 | C94: 1860.7733 | D94: =IF(B94="","A",IF(B94>=INPUTS!$B$17,"B","A")) -> B | E94: =IF(AND(INPUTS!$E$24=1,$D94="B",TRIB!F94<>""),TRIB!F94,"") -> 7 | F94: 7 | G94: 92 | H94: 92 | I94: 114 | J94: 842 | N94: =IF(AND(INPUTS!$E$33=1,TRIB!M94<>""),TRIB!M94,"") | O94: =IF(AND(INPUTS!$E$34=1,TRIB!M94<>""),TRIB!M94,"") | P94: =IF(AND(INPUTS!$E$35=1,TRIB!M94<>""),TRIB!M94,"")
A95: C94 | B95: 719.46696 | C95: 1816.9369 | D95: =IF(B95="","A",IF(B95>=INPUTS!$B$17,"B","A")) -> B | E95: =IF(AND(INPUTS!$E$24=1,$D95="B",TRIB!F95<>""),TRIB!F95,"") -> 388 | F95: 388 | G95: 251 | H95: 318 | I95: 318 | J95: 769 | N95: =IF(AND(INPUTS!$E$33=1,TRIB!M95<>""),TRIB!M95,"") | O95: =IF(AND(INPUTS!$E$34=1,TRIB!M95<>""),TRIB!M95,"") | P95: =IF(AND(INPUTS!$E$35=1,TRIB!M95<>""),TRIB!M95,"")
A96: C95 | B96: 747.84096 | C96: 2542.7733 | D96: =IF(B96="","A",IF(B96>=INPUTS!$B$17,"B","A")) -> B | E96: =IF(AND(INPUTS!$E$24=1,$D96="B",TRIB!F96<>""),TRIB!F96,"") -> 578 | F96: 578 | G96: 424 | H96: 424 | I96: 426 | N96: =IF(AND(INPUTS!$E$33=1,TRIB!M96<>""),TRIB!M96,"") | O96: =IF(AND(INPUTS!$E$34=1,TRIB!M96<>""),TRIB!M96,"") | P96: =IF(AND(INPUTS!$E$35=1,TRIB!M96<>""),TRIB!M96,"")
A97: C96 | B97: 747.91019 | C97: 2570.782 | D97: =IF(B97="","A",IF(B97>=INPUTS!$B$17,"B","A")) -> B | E97: =IF(AND(INPUTS!$E$24=1,$D97="B",TRIB!F97<>""),TRIB!F97,"") -> 528 | F97: 528 | G97: 528 | H97: 528 | I97: 529 | N97: =IF(AND(INPUTS!$E$33=1,TRIB!M97<>""),TRIB!M97,"") | O97: =IF(AND(INPUTS!$E$34=1,TRIB!M97<>""),TRIB!M97,"") | P97: =IF(AND(INPUTS!$E$35=1,TRIB!M97<>""),TRIB!M97,"")
A98: C97 | B98: 748.97327 | C98: 2583.782 | D98: =IF(B98="","A",IF(B98>=INPUTS!$B$17,"B","A")) -> B | E98: =IF(AND(INPUTS!$E$24=1,$D98="B",TRIB!F98<>""),TRIB!F98,"") -> 266 | F98: 266 | G98: 266 | H98: 266 | I98: 266 | N98: =IF(AND(INPUTS!$E$33=1,TRIB!M98<>""),TRIB!M98,"") | O98: =IF(AND(INPUTS!$E$34=1,TRIB!M98<>""),TRIB!M98,"") | P98: =IF(AND(INPUTS!$E$35=1,TRIB!M98<>""),TRIB!M98,"")
A99: C98 | B99: 749.8829 | C99: 2601.782 | D99: =IF(B99="","A",IF(B99>=INPUTS!$B$17,"B","A")) -> B | E99: =IF(AND(INPUTS!$E$24=1,$D99="B",TRIB!F99<>""),TRIB!F99,"") -> 689 | F99: 689 | G99: 689 | H99: 689 | I99: 689 | N99: =IF(AND(INPUTS!$E$33=1,TRIB!M99<>""),TRIB!M99,"") | O99: =IF(AND(INPUTS!$E$34=1,TRIB!M99<>""),TRIB!M99,"") | P99: =IF(AND(INPUTS!$E$35=1,TRIB!M99<>""),TRIB!M99,"")
A100: C99 | B100: 749.8829 | C100: 2628.7915 | D100: =IF(B100="","A",IF(B100>=INPUTS!$B$17,"B","A")) -> B | E100: =IF(AND(INPUTS!$E$24=1,$D100="B",TRIB!F100<>""),TRIB!F100,"") -> 595 | F100: 595 | G100: 595 | H100: 595 | I100: 595 | N100: =IF(AND(INPUTS!$E$33=1,TRIB!M100<>""),TRIB!M100,"") | O100: =IF(AND(INPUTS!$E$34=1,TRIB!M100<>""),TRIB!M100,"") | P100: =IF(AND(INPUTS!$E$35=1,TRIB!M100<>""),TRIB!M100,"")
A101: C100 | B101: 753.68786 | C101: 1816.9369 | D101: =IF(B101="","A",IF(B101>=INPUTS!$B$17,"B","A")) -> B | E101: =IF(AND(INPUTS!$E$24=1,$D101="B",TRIB!F101<>""),TRIB!F101,"") -> 478 | F101: 478 | G101: 262 | H101: 303 | I101: 303 | J101: 821 | N101: =IF(AND(INPUTS!$E$33=1,TRIB!M101<>""),TRIB!M101,"") | O101: =IF(AND(INPUTS!$E$34=1,TRIB!M101<>""),TRIB!M101,"") | P101: =IF(AND(INPUTS!$E$35=1,TRIB!M101<>""),TRIB!M101,"")
A102: C101 | B102: 766.00763 | C102: 2542.7733 | D102: =IF(B102="","A",IF(B102>=INPUTS!$B$17,"B","A")) -> B | E102: =IF(AND(INPUTS!$E$24=1,$D102="B",TRIB!F102<>""),TRIB!F102,"") -> 341 | F102: 341 | G102: 326 | H102: 326 | I102: 485 | N102: =IF(AND(INPUTS!$E$33=1,TRIB!M102<>""),TRIB!M102,"") | O102: =IF(AND(INPUTS!$E$34=1,TRIB!M102<>""),TRIB!M102,"") | P102: =IF(AND(INPUTS!$E$35=1,TRIB!M102<>""),TRIB!M102,"")
A103: C102 | B103: 773.33917 | C103: 2562.6631 | D103: =IF(B103="","A",IF(B103>=INPUTS!$B$17,"B","A")) -> B | E103: =IF(AND(INPUTS!$E$24=1,$D103="B",TRIB!F103<>""),TRIB!F103,"") -> 466 | F103: 466 | G103: 466 | H103: 466 | I103: 724 | N103: =IF(AND(INPUTS!$E$33=1,TRIB!M103<>""),TRIB!M103,"") | O103: =IF(AND(INPUTS!$E$34=1,TRIB!M103<>""),TRIB!M103,"") | P103: =IF(AND(INPUTS!$E$35=1,TRIB!M103<>""),TRIB!M103,"")
A104: C103 | B104: 776.63993 | C104: 2628.7915 | D104: =IF(B104="","A",IF(B104>=INPUTS!$B$17,"B","A")) -> B | E104: =IF(AND(INPUTS!$E$24=1,$D104="B",TRIB!F104<>""),TRIB!F104,"") -> 401 | F104: 401 | G104: 388 | H104: 384 | I104: 489 | N104: =IF(AND(INPUTS!$E$33=1,TRIB!M104<>""),TRIB!M104,"") | O104: =IF(AND(INPUTS!$E$34=1,TRIB!M104<>""),TRIB!M104,"") | P104: =IF(AND(INPUTS!$E$35=1,TRIB!M104<>""),TRIB!M104,"")
A105: C104 | B105: 780.67036 | C105: 2588.3022 | D105: =IF(B105="","A",IF(B105>=INPUTS!$B$17,"B","A")) -> B | E105: =IF(AND(INPUTS!$E$24=1,$D105="B",TRIB!F105<>""),TRIB!F105,"") -> 487 | F105: 487 | G105: 487 | H105: 487 | I105: 741 | N105: =IF(AND(INPUTS!$E$33=1,TRIB!M105<>""),TRIB!M105,"") | O105: =IF(AND(INPUTS!$E$34=1,TRIB!M105<>""),TRIB!M105,"") | P105: =IF(AND(INPUTS!$E$35=1,TRIB!M105<>""),TRIB!M105,"")
A106: C105 | B106: 783.9464 | C106: 2607.4496 | D106: =IF(B106="","A",IF(B106>=INPUTS!$B$17,"B","A")) -> B | E106: =IF(AND(INPUTS!$E$24=1,$D106="B",TRIB!F106<>""),TRIB!F106,"") -> 433 | F106: 433 | G106: 433 | H106: 433 | I106: 717 | N106: =IF(AND(INPUTS!$E$33=1,TRIB!M106<>""),TRIB!M106,"") | O106: =IF(AND(INPUTS!$E$34=1,TRIB!M106<>""),TRIB!M106,"") | P106: =IF(AND(INPUTS!$E$35=1,TRIB!M106<>""),TRIB!M106,"")
A107: C106 | B107: 731.00698 | C107: 2498.9369 | D107: =IF(B107="","A",IF(B107>=INPUTS!$B$17,"B","A")) -> B | E107: =IF(AND(INPUTS!$E$24=1,$D107="B",TRIB!F107<>""),TRIB!F107,"") -> 414 | F107: 414 | G107: 249 | H107: 303 | I107: 303 | N107: =IF(AND(INPUTS!$E$33=1,TRIB!M107<>""),TRIB!M107,"") | O107: =IF(AND(INPUTS!$E$34=1,TRIB!M107<>""),TRIB!M107,"") | P107: =IF(AND(INPUTS!$E$35=1,TRIB!M107<>""),TRIB!M107,"")
A108: C107 | B108: 767.01583 | C108: 2498.9369 | D108: =IF(B108="","A",IF(B108>=INPUTS!$B$17,"B","A")) -> B | E108: =IF(AND(INPUTS!$E$24=1,$D108="B",TRIB!F108<>""),TRIB!F108,"") -> 165 | F108: 165 | G108: 109 | H108: 39 | I108: 39 | N108: =IF(AND(INPUTS!$E$33=1,TRIB!M108<>""),TRIB!M108,"") | O108: =IF(AND(INPUTS!$E$34=1,TRIB!M108<>""),TRIB!M108,"") | P108: =IF(AND(INPUTS!$E$35=1,TRIB!M108<>""),TRIB!M108,"")
A109: C108 | B109: 767.01583 | C109: 2524.4706 | D109: =IF(B109="","A",IF(B109>=INPUTS!$B$17,"B","A")) -> B | E109: =IF(AND(INPUTS!$E$24=1,$D109="B",TRIB!F109<>""),TRIB!F109,"") -> 320 | F109: 320 | G109: 77 | H109: 7 | I109: 72 | N109: =IF(AND(INPUTS!$E$33=1,TRIB!M109<>""),TRIB!M109,"") | O109: =IF(AND(INPUTS!$E$34=1,TRIB!M109<>""),TRIB!M109,"") | P109: =IF(AND(INPUTS!$E$35=1,TRIB!M109<>""),TRIB!M109,"")
A110: C109 | B110: 549.95357 | C110: 4005.7096 | D110: =IF(B110="","A",IF(B110>=INPUTS!$B$17,"B","A")) -> B | E110: =IF(AND(INPUTS!$E$24=1,$D110="B",TRIB!F110<>""),TRIB!F110,"") -> 162 | F110: 162 | G110: 134 | N110: =IF(AND(INPUTS!$E$33=1,TRIB!M110<>""),TRIB!M110,"") | O110: =IF(AND(INPUTS!$E$34=1,TRIB!M110<>""),TRIB!M110,"") | P110: =IF(AND(INPUTS!$E$35=1,TRIB!M110<>""),TRIB!M110,"")
A111: C110 | B111: 564.67979 | C111: 4005.7096 | D111: =IF(B111="","A",IF(B111>=INPUTS!$B$17,"B","A")) -> B | E111: =IF(AND(INPUTS!$E$24=1,$D111="B",TRIB!F111<>""),TRIB!F111,"") -> 147 | F111: 147 | G111: 44 | N111: =IF(AND(INPUTS!$E$33=1,TRIB!M111<>""),TRIB!M111,"") | O111: =IF(AND(INPUTS!$E$34=1,TRIB!M111<>""),TRIB!M111,"") | P111: =IF(AND(INPUTS!$E$35=1,TRIB!M111<>""),TRIB!M111,"")
A112: C111 | B112: 466.80147 | C112: 4568.7109 | D112: =IF(B112="","A",IF(B112>=INPUTS!$B$17,"B","A")) -> A | E112: =IF(AND(INPUTS!$E$24=1,$D112="B",TRIB!F112<>""),TRIB!F112,"") | F112: 260 | N112: =IF(AND(INPUTS!$E$33=1,TRIB!M112<>""),TRIB!M112,"") | O112: =IF(AND(INPUTS!$E$34=1,TRIB!M112<>""),TRIB!M112,"") | P112: =IF(AND(INPUTS!$E$35=1,TRIB!M112<>""),TRIB!M112,"")
A113: C112 | B113: 491.4835 | C113: 4567.4193 | D113: =IF(B113="","A",IF(B113>=INPUTS!$B$17,"B","A")) -> A | E113: =IF(AND(INPUTS!$E$24=1,$D113="B",TRIB!F113<>""),TRIB!F113,"") | F113: 410 | N113: =IF(AND(INPUTS!$E$33=1,TRIB!M113<>""),TRIB!M113,"") | O113: =IF(AND(INPUTS!$E$34=1,TRIB!M113<>""),TRIB!M113,"") | P113: =IF(AND(INPUTS!$E$35=1,TRIB!M113<>""),TRIB!M113,"")
A114: C113 | B114: 586.05464 | C114: 4571.69 | D114: =IF(B114="","A",IF(B114>=INPUTS!$B$17,"B","A")) -> B | E114: =IF(AND(INPUTS!$E$24=1,$D114="B",TRIB!F114<>""),TRIB!F114,"") -> 542 | F114: 542 | N114: =IF(AND(INPUTS!$E$33=1,TRIB!M114<>""),TRIB!M114,"") | O114: =IF(AND(INPUTS!$E$34=1,TRIB!M114<>""),TRIB!M114,"") | P114: =IF(AND(INPUTS!$E$35=1,TRIB!M114<>""),TRIB!M114,"")
A115: C114 | B115: 612.7213 | C115: 4571.69 | D115: =IF(B115="","A",IF(B115>=INPUTS!$B$17,"B","A")) -> B | E115: =IF(AND(INPUTS!$E$24=1,$D115="B",TRIB!F115<>""),TRIB!F115,"") -> 536 | F115: 536 | N115: =IF(AND(INPUTS!$E$33=1,TRIB!M115<>""),TRIB!M115,"") | O115: =IF(AND(INPUTS!$E$34=1,TRIB!M115<>""),TRIB!M115,"") | P115: =IF(AND(INPUTS!$E$35=1,TRIB!M115<>""),TRIB!M115,"")
A116: C115 | B116: 634.88797 | C116: 4571.69 | D116: =IF(B116="","A",IF(B116>=INPUTS!$B$17,"B","A")) -> B | E116: =IF(AND(INPUTS!$E$24=1,$D116="B",TRIB!F116<>""),TRIB!F116,"") -> 581 | F116: 581 | N116: =IF(AND(INPUTS!$E$33=1,TRIB!M116<>""),TRIB!M116,"") | O116: =IF(AND(INPUTS!$E$34=1,TRIB!M116<>""),TRIB!M116,"") | P116: =IF(AND(INPUTS!$E$35=1,TRIB!M116<>""),TRIB!M116,"")
A117: C116 | B117: 670.29421 | C117: 4570.7733 | D117: =IF(B117="","A",IF(B117>=INPUTS!$B$17,"B","A")) -> B | E117: =IF(AND(INPUTS!$E$24=1,$D117="B",TRIB!F117<>""),TRIB!F117,"") -> 556 | F117: 556 | N117: =IF(AND(INPUTS!$E$33=1,TRIB!M117<>""),TRIB!M117,"") | O117: =IF(AND(INPUTS!$E$34=1,TRIB!M117<>""),TRIB!M117,"") | P117: =IF(AND(INPUTS!$E$35=1,TRIB!M117<>""),TRIB!M117,"")
A118: C117 | B118: 707.38119 | C118: 4570.7733 | D118: =IF(B118="","A",IF(B118>=INPUTS!$B$17,"B","A")) -> B | E118: =IF(AND(INPUTS!$E$24=1,$D118="B",TRIB!F118<>""),TRIB!F118,"") -> 234 | F118: 234 | N118: =IF(AND(INPUTS!$E$33=1,TRIB!M118<>""),TRIB!M118,"") | O118: =IF(AND(INPUTS!$E$34=1,TRIB!M118<>""),TRIB!M118,"") | P118: =IF(AND(INPUTS!$E$35=1,TRIB!M118<>""),TRIB!M118,"")
A119: 7_UNLABELED_100 | D119: =IF(B119="","A",IF(B119>=INPUTS!$B$17,"B","A")) -> A | E119: =IF(AND(INPUTS!$E$24=1,$D119="B",TRIB!F119<>""),TRIB!F119,"") | J119: 0 | N119: =IF(AND(INPUTS!$E$33=1,TRIB!M119<>""),TRIB!M119,"") | O119: =IF(AND(INPUTS!$E$34=1,TRIB!M119<>""),TRIB!M119,"") | P119: =IF(AND(INPUTS!$E$35=1,TRIB!M119<>""),TRIB!M119,"")
A120: 7_UNLABELED_101 | D120: =IF(B120="","A",IF(B120>=INPUTS!$B$17,"B","A")) -> A | E120: =IF(AND(INPUTS!$E$24=1,$D120="B",TRIB!F120<>""),TRIB!F120,"") | J120: 68 | N120: =IF(AND(INPUTS!$E$33=1,TRIB!M120<>""),TRIB!M120,"") | O120: =IF(AND(INPUTS!$E$34=1,TRIB!M120<>""),TRIB!M120,"") | P120: =IF(AND(INPUTS!$E$35=1,TRIB!M120<>""),TRIB!M120,"")
A121: 7_UNLABELED_102 | D121: =IF(B121="","A",IF(B121>=INPUTS!$B$17,"B","A")) -> A | E121: =IF(AND(INPUTS!$E$24=1,$D121="B",TRIB!F121<>""),TRIB!F121,"") | J121: 0 | N121: =IF(AND(INPUTS!$E$33=1,TRIB!M121<>""),TRIB!M121,"") | O121: =IF(AND(INPUTS!$E$34=1,TRIB!M121<>""),TRIB!M121,"") | P121: =IF(AND(INPUTS!$E$35=1,TRIB!M121<>""),TRIB!M121,"")
A122: 7_UNLABELED_103 | D122: =IF(B122="","A",IF(B122>=INPUTS!$B$17,"B","A")) -> A | E122: =IF(AND(INPUTS!$E$24=1,$D122="B",TRIB!F122<>""),TRIB!F122,"") | J122: 0 | N122: =IF(AND(INPUTS!$E$33=1,TRIB!M122<>""),TRIB!M122,"") | O122: =IF(AND(INPUTS!$E$34=1,TRIB!M122<>""),TRIB!M122,"") | P122: =IF(AND(INPUTS!$E$35=1,TRIB!M122<>""),TRIB!M122,"")
A123: 7_UNLABELED_90 | D123: =IF(B123="","A",IF(B123>=INPUTS!$B$17,"B","A")) -> A | E123: =IF(AND(INPUTS!$E$24=1,$D123="B",TRIB!F123<>""),TRIB!F123,"") | J123: 0 | N123: =IF(AND(INPUTS!$E$33=1,TRIB!M123<>""),TRIB!M123,"") | O123: =IF(AND(INPUTS!$E$34=1,TRIB!M123<>""),TRIB!M123,"") | P123: =IF(AND(INPUTS!$E$35=1,TRIB!M123<>""),TRIB!M123,"")
A124: 7_UNLABELED_91 | D124: =IF(B124="","A",IF(B124>=INPUTS!$B$17,"B","A")) -> A | E124: =IF(AND(INPUTS!$E$24=1,$D124="B",TRIB!F124<>""),TRIB!F124,"") | J124: 151 | N124: =IF(AND(INPUTS!$E$33=1,TRIB!M124<>""),TRIB!M124,"") | O124: =IF(AND(INPUTS!$E$34=1,TRIB!M124<>""),TRIB!M124,"") | P124: =IF(AND(INPUTS!$E$35=1,TRIB!M124<>""),TRIB!M124,"")
A125: 7_UNLABELED_92 | D125: =IF(B125="","A",IF(B125>=INPUTS!$B$17,"B","A")) -> A | E125: =IF(AND(INPUTS!$E$24=1,$D125="B",TRIB!F125<>""),TRIB!F125,"") | J125: 0 | N125: =IF(AND(INPUTS!$E$33=1,TRIB!M125<>""),TRIB!M125,"") | O125: =IF(AND(INPUTS!$E$34=1,TRIB!M125<>""),TRIB!M125,"") | P125: =IF(AND(INPUTS!$E$35=1,TRIB!M125<>""),TRIB!M125,"")
A126: 7_UNLABELED_93 | D126: =IF(B126="","A",IF(B126>=INPUTS!$B$17,"B","A")) -> A | E126: =IF(AND(INPUTS!$E$24=1,$D126="B",TRIB!F126<>""),TRIB!F126,"") | J126: 0 | N126: =IF(AND(INPUTS!$E$33=1,TRIB!M126<>""),TRIB!M126,"") | O126: =IF(AND(INPUTS!$E$34=1,TRIB!M126<>""),TRIB!M126,"") | P126: =IF(AND(INPUTS!$E$35=1,TRIB!M126<>""),TRIB!M126,"")
A127: 7_UNLABELED_94 | D127: =IF(B127="","A",IF(B127>=INPUTS!$B$17,"B","A")) -> A | E127: =IF(AND(INPUTS!$E$24=1,$D127="B",TRIB!F127<>""),TRIB!F127,"") | J127: 88 | N127: =IF(AND(INPUTS!$E$33=1,TRIB!M127<>""),TRIB!M127,"") | O127: =IF(AND(INPUTS!$E$34=1,TRIB!M127<>""),TRIB!M127,"") | P127: =IF(AND(INPUTS!$E$35=1,TRIB!M127<>""),TRIB!M127,"")
A128: 7_UNLABELED_95 | D128: =IF(B128="","A",IF(B128>=INPUTS!$B$17,"B","A")) -> A | E128: =IF(AND(INPUTS!$E$24=1,$D128="B",TRIB!F128<>""),TRIB!F128,"") | J128: 0 | N128: =IF(AND(INPUTS!$E$33=1,TRIB!M128<>""),TRIB!M128,"") | O128: =IF(AND(INPUTS!$E$34=1,TRIB!M128<>""),TRIB!M128,"") | P128: =IF(AND(INPUTS!$E$35=1,TRIB!M128<>""),TRIB!M128,"")
A129: 7_UNLABELED_96 | D129: =IF(B129="","A",IF(B129>=INPUTS!$B$17,"B","A")) -> A | E129: =IF(AND(INPUTS!$E$24=1,$D129="B",TRIB!F129<>""),TRIB!F129,"") | J129: 0 | N129: =IF(AND(INPUTS!$E$33=1,TRIB!M129<>""),TRIB!M129,"") | O129: =IF(AND(INPUTS!$E$34=1,TRIB!M129<>""),TRIB!M129,"") | P129: =IF(AND(INPUTS!$E$35=1,TRIB!M129<>""),TRIB!M129,"")
A130: 7_UNLABELED_97 | D130: =IF(B130="","A",IF(B130>=INPUTS!$B$17,"B","A")) -> A | E130: =IF(AND(INPUTS!$E$24=1,$D130="B",TRIB!F130<>""),TRIB!F130,"") | J130: 123 | N130: =IF(AND(INPUTS!$E$33=1,TRIB!M130<>""),TRIB!M130,"") | O130: =IF(AND(INPUTS!$E$34=1,TRIB!M130<>""),TRIB!M130,"") | P130: =IF(AND(INPUTS!$E$35=1,TRIB!M130<>""),TRIB!M130,"")
... A132: 7_UNLABELED_99 | D132: =IF(B132="","A",IF(B132>=INPUTS!$B$17,"B","A")) -> A | E132: =IF(AND(INPUTS!$E$24=1,$D132="B",TRIB!F132<>""),TRIB!F132,"") | J132: 0 | N132: =IF(AND(INPUTS!$E$33=1,TRIB!M132<>""),TRIB!M132,"") | O132: =IF(AND(INPUTS!$E$34=1,TRIB!M132<>""),TRIB!M132,"") | P132: =IF(AND(INPUTS!$E$35=1,TRIB!M132<>""),TRIB!M132,"")
A133: 8_UNLABELED_106 | D133: =IF(B133="","A",IF(B133>=INPUTS!$B$17,"B","A")) -> A | E133: =IF(AND(INPUTS!$E$24=1,$D133="B",TRIB!F133<>""),TRIB!F133,"") | I133: 89 | N133: =IF(AND(INPUTS!$E$33=1,TRIB!M133<>""),TRIB!M133,"") | O133: =IF(AND(INPUTS!$E$34=1,TRIB!M133<>""),TRIB!M133,"") | P133: =IF(AND(INPUTS!$E$35=1,TRIB!M133<>""),TRIB!M133,"")
A134: 8_UNLABELED_107 | D134: =IF(B134="","A",IF(B134>=INPUTS!$B$17,"B","A")) -> A | E134: =IF(AND(INPUTS!$E$24=1,$D134="B",TRIB!F134<>""),TRIB!F134,"") | I134: 89 | N134: =IF(AND(INPUTS!$E$33=1,TRIB!M134<>""),TRIB!M134,"") | O134: =IF(AND(INPUTS!$E$34=1,TRIB!M134<>""),TRIB!M134,"") | P134: =IF(AND(INPUTS!$E$35=1,TRIB!M134<>""),TRIB!M134,"")

Sheet KLL
A1: Column | B1: x (ft) | C1: y (ft) | D1: Section | E1: ROOF | F1: 11 | G1: 10 | H1: 9 | I1: 8 | J1: 7 | K1: 6 | L1: 5 | M1: 4 | N1: 3 | O1: 2 | P1: 1 | R1: Live-load element factor per column per level from the engine (4 interior, 3 edge, 2 corner). Blank = engine gave none; INPUTS default applies.
A2: =TRIB!A2 -> C1 | B2: =TRIB!B2 -> 283.70052 | C2: =TRIB!C2 -> 569.16697 | D2: =TRIB!D2 -> A | E2: =IF(KLL!F2="","",KLL!F2) -> 2 | F2: 2 | G2: 2 | H2: 2 | I2: 2 | J2: 2 | K2: 2 | L2: 2 | M2: 2 | N2: =IF(KLL!M2="","",KLL!M2) -> 2 | O2: =IF(KLL!M2="","",KLL!M2) -> 2 | P2: =IF(KLL!M2="","",KLL!M2) -> 2
A3: =TRIB!A3 -> C2 | B3: =TRIB!B3 -> 283.56914 | C3: =TRIB!C3 -> 554.06436 | D3: =TRIB!D3 -> A | E3: =IF(KLL!F3="","",KLL!F3) | G3: 2 | H3: 2 | I3: 2 | J3: 2 | K3: 2 | L3: 2 | M3: 2 | N3: =IF(KLL!M3="","",KLL!M3) -> 2 | O3: =IF(KLL!M3="","",KLL!M3) -> 2 | P3: =IF(KLL!M3="","",KLL!M3) -> 2
A4: =TRIB!A4 -> C3 | B4: =TRIB!B4 -> 302.32736 | C4: =TRIB!C4 -> 538.83473 | D4: =TRIB!D4 -> A | E4: =IF(KLL!F4="","",KLL!F4) -> 2 | F4: 2 | G4: 2 | H4: 2 | I4: 2 | J4: 2 | K4: 3 | L4: 3 | M4: 3 | N4: =IF(KLL!M4="","",KLL!M4) -> 3 | O4: =IF(KLL!M4="","",KLL!M4) -> 3 | P4: =IF(KLL!M4="","",KLL!M4) -> 3
A5: =TRIB!A5 -> C4 | B5: =TRIB!B5 -> 301.5302 | C5: =TRIB!C5 -> 560.06227 | D5: =TRIB!D5 -> A | E5: =IF(KLL!F5="","",KLL!F5) -> 2 | F5: 2 | G5: 2 | H5: 2 | I5: 2 | J5: 2 | K5: 3 | L5: 3 | M5: 3 | N5: =IF(KLL!M5="","",KLL!M5) -> 3 | O5: =IF(KLL!M5="","",KLL!M5) -> 3 | P5: =IF(KLL!M5="","",KLL!M5) -> 3
A6: =TRIB!A6 -> C5 | B6: =TRIB!B6 -> 311.63942 | C6: =TRIB!C6 -> 569.16697 | D6: =TRIB!D6 -> A | E6: =IF(KLL!F6="","",KLL!F6) -> 2 | F6: 2 | G6: 2 | H6: 2 | I6: 2 | J6: 2 | K6: 3 | L6: 3 | M6: 3 | N6: =IF(KLL!M6="","",KLL!M6) -> 3 | O6: =IF(KLL!M6="","",KLL!M6) -> 3 | P6: =IF(KLL!M6="","",KLL!M6) -> 3
A7: =TRIB!A7 -> C6 | B7: =TRIB!B7 -> 313.93295 | C7: =TRIB!C7 -> 553.64886 | D7: =TRIB!D7 -> A | E7: =IF(KLL!F7="","",KLL!F7) -> 2 | F7: 2 | G7: 2 | H7: 2 | I7: 2 | J7: 2 | K7: 3 | L7: 3 | M7: 3 | N7: =IF(KLL!M7="","",KLL!M7) -> 3 | O7: =IF(KLL!M7="","",KLL!M7) -> 3 | P7: =IF(KLL!M7="","",KLL!M7) -> 3
A8: =TRIB!A8 -> C7 | B8: =TRIB!B8 -> 336.33509 | C8: =TRIB!C8 -> 514.66264 | D8: =TRIB!D8 -> A | E8: =IF(KLL!F8="","",KLL!F8) -> 3 | F8: 3 | G8: 3 | H8: 3 | I8: 3 | J8: 3 | K8: 3 | L8: 3 | M8: 3 | N8: =IF(KLL!M8="","",KLL!M8) -> 3 | O8: =IF(KLL!M8="","",KLL!M8) -> 3 | P8: =IF(KLL!M8="","",KLL!M8) -> 3
A9: =TRIB!A9 -> C8 | B9: =TRIB!B9 -> 346.65209 | C9: =TRIB!C9 -> 529.37224 | D9: =TRIB!D9 -> A | E9: =IF(KLL!F9="","",KLL!F9) -> 3 | F9: 3 | G9: 3 | H9: 3 | I9: 3 | J9: 3 | K9: 4 | L9: 4 | M9: 4 | N9: =IF(KLL!M9="","",KLL!M9) -> 4 | O9: =IF(KLL!M9="","",KLL!M9) -> 4 | P9: =IF(KLL!M9="","",KLL!M9) -> 4
A10: =TRIB!A10 -> C9 | B10: =TRIB!B10 -> 356.10812 | C10: =TRIB!C10 -> 546.09305 | D10: =TRIB!D10 -> A | E10: =IF(KLL!F10="","",KLL!F10) -> 3 | F10: 3 | G10: 3 | H10: 3 | I10: 3 | J10: 3 | K10: 4 | L10: 4 | M10: 4 | N10: =IF(KLL!M10="","",KLL!M10) -> 4 | O10: =IF(KLL!M10="","",KLL!M10) -> 4 | P10: =IF(KLL!M10="","",KLL!M10) -> 4
A11: =TRIB!A11 -> C10 | B11: =TRIB!B11 -> 357.42596 | C11: =TRIB!C11 -> 500.43849 | D11: =TRIB!D11 -> A | E11: =IF(KLL!F11="","",KLL!F11) -> 3 | F11: 3 | G11: 3 | H11: 3 | I11: 3 | J11: 3 | K11: 3 | L11: 3 | M11: 3 | N11: =IF(KLL!M11="","",KLL!M11) -> 3 | O11: =IF(KLL!M11="","",KLL!M11) -> 3 | P11: =IF(KLL!M11="","",KLL!M11) -> 3
A12: =TRIB!A12 -> C11 | B12: =TRIB!B12 -> 363.12676 | C12: =TRIB!C12 -> 569.16697 | D12: =TRIB!D12 -> A | E12: =IF(KLL!F12="","",KLL!F12) -> 3 | F12: 3 | G12: 3 | H12: 3 | I12: 3 | J12: 3 | K12: 3 | L12: 3 | M12: 3 | N12: =IF(KLL!M12="","",KLL!M12) -> 3 | O12: =IF(KLL!M12="","",KLL!M12) -> 3 | P12: =IF(KLL!M12="","",KLL!M12) -> 3
A13: =TRIB!A13 -> C12 | B13: =TRIB!B13 -> 366.75277 | C13: =TRIB!C13 -> 517.3193 | D13: =TRIB!D13 -> A | E13: =IF(KLL!F13="","",KLL!F13) -> 3 | F13: 3 | G13: 3 | H13: 3 | I13: 3 | J13: 3 | K13: 4 | L13: 4 | M13: 4 | N13: =IF(KLL!M13="","",KLL!M13) -> 4 | O13: =IF(KLL!M13="","",KLL!M13) -> 4 | P13: =IF(KLL!M13="","",KLL!M13) -> 4
A14: =TRIB!A14 -> C13 | B14: =TRIB!B14 -> 369.2073 | C14: =TRIB!C14 -> 565.39679 | D14: =TRIB!D14 -> A | E14: =IF(KLL!F14="","",KLL!F14) -> 3 | F14: 3 | G14: 3 | H14: 3 | I14: 3 | J14: 3 | K14: 3 | L14: 3 | M14: 3 | N14: =IF(KLL!M14="","",KLL!M14) -> 3 | O14: =IF(KLL!M14="","",KLL!M14) -> 3 | P14: =IF(KLL!M14="","",KLL!M14) -> 3
A15: =TRIB!A15 -> C14 | B15: =TRIB!B15 -> 379.78672 | C15: =TRIB!C15 -> 488.14041 | D15: =TRIB!D15 -> A | E15: =IF(KLL!F15="","",KLL!F15) -> 3 | F15: 3 | G15: 3 | H15: 3 | I15: 3 | J15: 3 | K15: 3 | L15: 3 | M15: 3 | N15: =IF(KLL!M15="","",KLL!M15) -> 3 | O15: =IF(KLL!M15="","",KLL!M15) -> 3 | P15: =IF(KLL!M15="","",KLL!M15) -> 3
... A34: =TRIB!A34 -> C33 | B34: =TRIB!B34 -> 489.06481 | C34: =TRIB!C34 -> 457.47643 | D34: =TRIB!D34 -> A | E34: =IF(KLL!F34="","",KLL!F34) -> 3 | F34: 3 | G34: 3 | H34: 3 | I34: 3 | J34: 3 | K34: 3 | L34: 3 | M34: 3 | N34: =IF(KLL!M34="","",KLL!M34) -> 3 | O34: =IF(KLL!M34="","",KLL!M34) -> 3 | P34: =IF(KLL!M34="","",KLL!M34) -> 3
A35: =TRIB!A35 -> C34 | B35: =TRIB!B35 -> 490.93072 | C35: =TRIB!C35 -> 476.67579 | D35: =TRIB!D35 -> A | E35: =IF(KLL!F35="","",KLL!F35) | G35: 3 | H35: 3 | I35: 3 | J35: 3 | K35: 4 | L35: 4 | M35: 4 | N35: =IF(KLL!M35="","",KLL!M35) -> 4 | O35: =IF(KLL!M35="","",KLL!M35) -> 4 | P35: =IF(KLL!M35="","",KLL!M35) -> 4
A36: =TRIB!A36 -> C35 | B36: =TRIB!B36 -> 496.47575 | C36: =TRIB!C36 -> 499.58672 | D36: =TRIB!D36 -> A | E36: =IF(KLL!F36="","",KLL!F36) -> 3 | F36: 3 | G36: 3 | H36: 3 | I36: 3 | J36: 3 | K36: 4 | L36: 4 | M36: 4 | N36: =IF(KLL!M36="","",KLL!M36) -> 4 | O36: =IF(KLL!M36="","",KLL!M36) -> 4 | P36: =IF(KLL!M36="","",KLL!M36) -> 4
A37: =TRIB!A37 -> C36 | B37: =TRIB!B37 -> 498.8676 | C37: =TRIB!C37 -> 523.1991 | D37: =TRIB!D37 -> A | E37: =IF(KLL!F37="","",KLL!F37) -> 3 | F37: 3 | G37: 3 | H37: 3 | I37: 3 | J37: 3 | K37: 3 | L37: 3 | M37: 3 | N37: =IF(KLL!M37="","",KLL!M37) -> 3 | O37: =IF(KLL!M37="","",KLL!M37) -> 3 | P37: =IF(KLL!M37="","",KLL!M37) -> 3
A38: =TRIB!A38 -> C37 | B38: =TRIB!B38 -> 501.10001 | C38: =TRIB!C38 -> 455.78498 | D38: =TRIB!D38 -> A | E38: =IF(KLL!F38="","",KLL!F38) -> 3 | F38: 3 | G38: 3 | H38: 3 | I38: 3 | J38: 3 | K38: 3 | L38: 3 | M38: 3 | N38: =IF(KLL!M38="","",KLL!M38) -> 3 | O38: =IF(KLL!M38="","",KLL!M38) -> 3 | P38: =IF(KLL!M38="","",KLL!M38) -> 3
A39: =TRIB!A39 -> C38 | B39: =TRIB!B39 -> 501.9128 | C39: =TRIB!C39 -> 469.05969 | D39: =TRIB!D39 -> A | E39: =IF(KLL!F39="","",KLL!F39) -> 3 | F39: 3 | G39: 3 | H39: 3 | I39: 3 | J39: 3 | K39: 3 | L39: 3 | M39: 3 | N39: =IF(KLL!M39="","",KLL!M39) -> 3 | O39: =IF(KLL!M39="","",KLL!M39) -> 3 | P39: =IF(KLL!M39="","",KLL!M39) -> 3
A40: =TRIB!A40 -> C39 | B40: =TRIB!B40 -> 512.94598 | C40: =TRIB!C40 -> 551.27331 | D40: =TRIB!D40 -> A | E40: =IF(KLL!F40="","",KLL!F40) -> 3 | F40: 3 | G40: 3 | H40: 3 | I40: 3 | J40: 3 | K40: 3 | L40: 3 | M40: 3 | N40: =IF(KLL!M40="","",KLL!M40) -> 3 | O40: =IF(KLL!M40="","",KLL!M40) -> 3 | P40: =IF(KLL!M40="","",KLL!M40) -> 3
A41: =TRIB!A41 -> C40 | B41: =TRIB!B41 -> 512.94598 | C41: =TRIB!C41 -> 565.46534 | D41: =TRIB!D41 -> A | E41: =IF(KLL!F41="","",KLL!F41) -> 3 | F41: 3 | G41: 3 | H41: 3 | I41: 3 | J41: 3 | K41: 3 | L41: 3 | M41: 3 | N41: =IF(KLL!M41="","",KLL!M41) -> 3 | O41: =IF(KLL!M41="","",KLL!M41) -> 3 | P41: =IF(KLL!M41="","",KLL!M41) -> 3
A42: =TRIB!A42 -> C41 | B42: =TRIB!B42 -> 517.14167 | C42: =TRIB!C42 -> 521.43199 | D42: =TRIB!D42 -> A | E42: =IF(KLL!F42="","",KLL!F42) -> 3 | F42: 3 | G42: 3 | H42: 3 | I42: 3 | J42: 3 | K42: 3 | L42: 3 | M42: 3 | N42: =IF(KLL!M42="","",KLL!M42) -> 3 | O42: =IF(KLL!M42="","",KLL!M42) -> 3 | P42: =IF(KLL!M42="","",KLL!M42) -> 3
A43: =TRIB!A43 -> C42 | B43: =TRIB!B43 -> 519.92514 | C43: =TRIB!C43 -> 534.54987 | D43: =TRIB!D43 -> A | E43: =IF(KLL!F43="","",KLL!F43) -> 3 | F43: 3 | G43: 3 | H43: 3 | I43: 3 | J43: 3 | K43: 3 | L43: 3 | M43: 3 | N43: =IF(KLL!M43="","",KLL!M43) -> 3 | O43: =IF(KLL!M43="","",KLL!M43) -> 3 | P43: =IF(KLL!M43="","",KLL!M43) -> 3
A44: =TRIB!A44 -> C43 | B44: =TRIB!B44 -> 522.70392 | C44: =TRIB!C44 -> 491.49682 | D44: =TRIB!D44 -> A | E44: =IF(KLL!F44="","",KLL!F44) -> 3 | F44: 3 | G44: 3 | H44: 3 | I44: 3 | J44: 3 | K44: 4 | L44: 4 | M44: 4 | N44: =IF(KLL!M44="","",KLL!M44) -> 4 | O44: =IF(KLL!M44="","",KLL!M44) -> 4 | P44: =IF(KLL!M44="","",KLL!M44) -> 4
A45: =TRIB!A45 -> C44 | B45: =TRIB!B45 -> 525.78725 | C45: =TRIB!C45 -> 512.24073 | D45: =TRIB!D45 -> A | E45: =IF(KLL!F45="","",KLL!F45) -> 3 | F45: 3 | G45: 3 | H45: 3 | I45: 3 | J45: 3 | K45: 3 | L45: 3 | M45: 3 | N45: =IF(KLL!M45="","",KLL!M45) -> 3 | O45: =IF(KLL!M45="","",KLL!M45) -> 3 | P45: =IF(KLL!M45="","",KLL!M45) -> 3
A46: =TRIB!A46 -> C45 | B46: =TRIB!B46 -> 526.59666 | C46: =TRIB!C46 -> 452.93692 | D46: =TRIB!D46 -> A | E46: =IF(KLL!F46="","",KLL!F46) -> 3 | F46: 3 | G46: 3 | H46: 3 | I46: 3 | J46: 3 | K46: 3 | L46: 3 | M46: 3 | N46: =IF(KLL!M46="","",KLL!M46) -> 3 | O46: =IF(KLL!M46="","",KLL!M46) -> 3 | P46: =IF(KLL!M46="","",KLL!M46) -> 3
A47: =TRIB!A47 -> C46 | B47: =TRIB!B47 -> 526.59666 | C47: =TRIB!C47 -> 468.19646 | D47: =TRIB!D47 -> A | E47: =IF(KLL!F47="","",KLL!F47) -> 3 | F47: 3 | G47: 3 | H47: 3 | I47: 3 | J47: 3 | K47: 4 | L47: 4 | M47: 4 | N47: =IF(KLL!M47="","",KLL!M47) -> 4 | O47: =IF(KLL!M47="","",KLL!M47) -> 4 | P47: =IF(KLL!M47="","",KLL!M47) -> 4
... A63: =TRIB!A63 -> C62 | B63: =TRIB!B63 -> 634.92099 | C63: =TRIB!C63 -> 452.93692 | D63: =TRIB!D63 -> B | E63: =IF(KLL!F63="","",KLL!F63) -> 3 | F63: 3 | G63: 3 | H63: 3 | I63: 3 | J63: 3 | K63: 3 | L63: 2 | M63: 2 | N63: =IF(KLL!M63="","",KLL!M63) -> 2 | O63: =IF(KLL!M63="","",KLL!M63) -> 2 | P63: =IF(KLL!M63="","",KLL!M63) -> 2
A64: =TRIB!A64 -> C63 | B64: =TRIB!B64 -> 582.98187 | C64: =TRIB!C64 -> 1885.9394 | D64: =TRIB!D64 -> B | E64: =IF(KLL!F64="","",KLL!F64) -> 4 | F64: 4 | G64: 4 | H64: 4 | I64: 3 | J64: 3 | N64: =IF(KLL!M64="","",KLL!M64) | O64: =IF(KLL!M64="","",KLL!M64) | P64: =IF(KLL!M64="","",KLL!M64)
A65: =TRIB!A65 -> C64 | B65: =TRIB!B65 -> 582.98187 | C65: =TRIB!C65 -> 1919.106 | D65: =TRIB!D65 -> B | E65: =IF(KLL!F65="","",KLL!F65) -> 3 | F65: 3 | G65: 3 | H65: 3 | I65: 3 | J65: 3 | N65: =IF(KLL!M65="","",KLL!M65) | O65: =IF(KLL!M65="","",KLL!M65) | P65: =IF(KLL!M65="","",KLL!M65)
A66: =TRIB!A66 -> C65 | B66: =TRIB!B66 -> 582.98187 | C66: =TRIB!C66 -> 1945.7727 | D66: =TRIB!D66 -> B | E66: =IF(KLL!F66="","",KLL!F66) -> 3 | F66: 3 | G66: 3 | H66: 3 | I66: 3 | J66: 3 | N66: =IF(KLL!M66="","",KLL!M66) | O66: =IF(KLL!M66="","",KLL!M66) | P66: =IF(KLL!M66="","",KLL!M66)
A67: =TRIB!A67 -> C66 | B67: =TRIB!B67 -> 586.05464 | C67: =TRIB!C67 -> 1860.7733 | D67: =TRIB!D67 -> B | E67: =IF(KLL!F67="","",KLL!F67) -> 3 | F67: 3 | G67: 3 | H67: 3 | I67: 3 | J67: 3 | N67: =IF(KLL!M67="","",KLL!M67) | O67: =IF(KLL!M67="","",KLL!M67) | P67: =IF(KLL!M67="","",KLL!M67)
A68: =TRIB!A68 -> C67 | B68: =TRIB!B68 -> 608.2213 | C68: =TRIB!C68 -> 1888.782 | D68: =TRIB!D68 -> B | E68: =IF(KLL!F68="","",KLL!F68) -> 4 | F68: 4 | G68: 4 | H68: 4 | I68: 4 | J68: 4 | N68: =IF(KLL!M68="","",KLL!M68) | O68: =IF(KLL!M68="","",KLL!M68) | P68: =IF(KLL!M68="","",KLL!M68)
A69: =TRIB!A69 -> C68 | B69: =TRIB!B69 -> 608.2213 | C69: =TRIB!C69 -> 1919.782 | D69: =TRIB!D69 -> B | E69: =IF(KLL!F69="","",KLL!F69) -> 3 | F69: 3 | G69: 3 | H69: 3 | I69: 3 | J69: 3 | N69: =IF(KLL!M69="","",KLL!M69) | O69: =IF(KLL!M69="","",KLL!M69) | P69: =IF(KLL!M69="","",KLL!M69)
A70: =TRIB!A70 -> C69 | B70: =TRIB!B70 -> 608.2213 | C70: =TRIB!C70 -> 1946.9477 | D70: =TRIB!D70 -> B | E70: =IF(KLL!F70="","",KLL!F70) -> 3 | F70: 3 | G70: 3 | H70: 3 | I70: 3 | J70: 3 | N70: =IF(KLL!M70="","",KLL!M70) | O70: =IF(KLL!M70="","",KLL!M70) | P70: =IF(KLL!M70="","",KLL!M70)
A71: =TRIB!A71 -> C70 | B71: =TRIB!B71 -> 612.7213 | C71: =TRIB!C71 -> 1860.7733 | D71: =TRIB!D71 -> B | E71: =IF(KLL!F71="","",KLL!F71) -> 3 | F71: 3 | G71: 3 | H71: 3 | I71: 3 | J71: 3 | N71: =IF(KLL!M71="","",KLL!M71) | O71: =IF(KLL!M71="","",KLL!M71) | P71: =IF(KLL!M71="","",KLL!M71)
A72: =TRIB!A72 -> C71 | B72: =TRIB!B72 -> 634.88797 | C72: =TRIB!C72 -> 1860.7733 | D72: =TRIB!D72 -> B | E72: =IF(KLL!F72="","",KLL!F72) -> 3 | F72: 3 | G72: 3 | H72: 3 | I72: 3 | J72: 3 | N72: =IF(KLL!M72="","",KLL!M72) | O72: =IF(KLL!M72="","",KLL!M72) | P72: =IF(KLL!M72="","",KLL!M72)
A73: =TRIB!A73 -> C72 | B73: =TRIB!B73 -> 634.88797 | C73: =TRIB!C73 -> 1888.782 | D73: =TRIB!D73 -> B | E73: =IF(KLL!F73="","",KLL!F73) -> 4 | F73: 4 | G73: 4 | H73: 4 | I73: 3 | J73: 3 | N73: =IF(KLL!M73="","",KLL!M73) | O73: =IF(KLL!M73="","",KLL!M73) | P73: =IF(KLL!M73="","",KLL!M73)
A74: =TRIB!A74 -> C73 | B74: =TRIB!B74 -> 634.88797 | C74: =TRIB!C74 -> 1919.782 | D74: =TRIB!D74 -> B | E74: =IF(KLL!F74="","",KLL!F74) -> 3 | F74: 3 | G74: 3 | H74: 3 | I74: 3 | J74: 3 | N74: =IF(KLL!M74="","",KLL!M74) | O74: =IF(KLL!M74="","",KLL!M74) | P74: =IF(KLL!M74="","",KLL!M74)
A75: =TRIB!A75 -> C74 | B75: =TRIB!B75 -> 634.88797 | C75: =TRIB!C75 -> 1946.7915 | D75: =TRIB!D75 -> B | E75: =IF(KLL!F75="","",KLL!F75) -> 3 | F75: 3 | G75: 3 | H75: 3 | I75: 3 | J75: 2 | N75: =IF(KLL!M75="","",KLL!M75) | O75: =IF(KLL!M75="","",KLL!M75) | P75: =IF(KLL!M75="","",KLL!M75)
... A86: =TRIB!A86 -> C85 | B86: =TRIB!B86 -> 689.0208 | C86: =TRIB!C86 -> 1901.782 | D86: =TRIB!D86 -> B | E86: =IF(KLL!F86="","",KLL!F86) -> 4 | F86: 4 | G86: 3 | H86: 3 | I86: 3 | J86: 3 | N86: =IF(KLL!M86="","",KLL!M86) | O86: =IF(KLL!M86="","",KLL!M86) | P86: =IF(KLL!M86="","",KLL!M86)
A87: =TRIB!A87 -> C86 | B87: =TRIB!B87 -> 688.10414 | C87: =TRIB!C87 -> 3283.782 | D87: =TRIB!D87 -> B | E87: =IF(KLL!F87="","",KLL!F87) -> 3 | F87: 3 | G87: 3 | H87: 3 | N87: =IF(KLL!M87="","",KLL!M87) | O87: =IF(KLL!M87="","",KLL!M87) | P87: =IF(KLL!M87="","",KLL!M87)
A88: =TRIB!A88 -> C87 | B88: =TRIB!B88 -> 688.10414 | C88: =TRIB!C88 -> 3310.7915 | D88: =TRIB!D88 -> B | E88: =IF(KLL!F88="","",KLL!F88) -> 3 | F88: 3 | G88: 3 | H88: 3 | N88: =IF(KLL!M88="","",KLL!M88) | O88: =IF(KLL!M88="","",KLL!M88) | P88: =IF(KLL!M88="","",KLL!M88)
A89: =TRIB!A89 -> C88 | B89: =TRIB!B89 -> 696.55042 | C89: =TRIB!C89 -> 1816.9369 | D89: =TRIB!D89 -> B | E89: =IF(KLL!F89="","",KLL!F89) -> 3 | F89: 3 | G89: 3 | H89: 3 | I89: 3 | J89: 3 | N89: =IF(KLL!M89="","",KLL!M89) | O89: =IF(KLL!M89="","",KLL!M89) | P89: =IF(KLL!M89="","",KLL!M89)
A90: =TRIB!A90 -> C89 | B90: =TRIB!B90 -> 707.71697 | C90: =TRIB!C90 -> 1901.782 | D90: =TRIB!D90 -> B | E90: =IF(KLL!F90="","",KLL!F90) -> 4 | F90: 4 | G90: 3 | H90: 3 | I90: 3 | N90: =IF(KLL!M90="","",KLL!M90) | O90: =IF(KLL!M90="","",KLL!M90) | P90: =IF(KLL!M90="","",KLL!M90)
A91: =TRIB!A91 -> C90 | B91: =TRIB!B91 -> 714.74352 | C91: =TRIB!C91 -> 1888.782 | D91: =TRIB!D91 -> B | E91: =IF(KLL!F91="","",KLL!F91) -> 4 | F91: 4 | G91: 4 | H91: 4 | I91: 3 | J91: 3 | N91: =IF(KLL!M91="","",KLL!M91) | O91: =IF(KLL!M91="","",KLL!M91) | P91: =IF(KLL!M91="","",KLL!M91)
A92: =TRIB!A92 -> C91 | B92: =TRIB!B92 -> 714.74352 | C92: =TRIB!C92 -> 2601.782 | D92: =TRIB!D92 -> B | E92: =IF(KLL!F92="","",KLL!F92) -> 3 | F92: 3 | G92: 3 | H92: 3 | I92: 3 | N92: =IF(KLL!M92="","",KLL!M92) | O92: =IF(KLL!M92="","",KLL!M92) | P92: =IF(KLL!M92="","",KLL!M92)
A93: =TRIB!A93 -> C92 | B93: =TRIB!B93 -> 714.74352 | C93: =TRIB!C93 -> 2628.7915 | D93: =TRIB!D93 -> B | E93: =IF(KLL!F93="","",KLL!F93) -> 3 | F93: 3 | G93: 3 | H93: 3 | I93: 3 | N93: =IF(KLL!M93="","",KLL!M93) | O93: =IF(KLL!M93="","",KLL!M93) | P93: =IF(KLL!M93="","",KLL!M93)
A94: =TRIB!A94 -> C93 | B94: =TRIB!B94 -> 715.31497 | C94: =TRIB!C94 -> 1860.7733 | D94: =TRIB!D94 -> B | E94: =IF(KLL!F94="","",KLL!F94) -> 4 | F94: 4 | G94: 3 | H94: 3 | I94: 3 | J94: 2 | N94: =IF(KLL!M94="","",KLL!M94) | O94: =IF(KLL!M94="","",KLL!M94) | P94: =IF(KLL!M94="","",KLL!M94)
A95: =TRIB!A95 -> C94 | B95: =TRIB!B95 -> 719.46696 | C95: =TRIB!C95 -> 1816.9369 | D95: =TRIB!D95 -> B | E95: =IF(KLL!F95="","",KLL!F95) -> 2 | F95: 2 | G95: 2 | H95: 2 | I95: 2 | J95: 2 | N95: =IF(KLL!M95="","",KLL!M95) | O95: =IF(KLL!M95="","",KLL!M95) | P95: =IF(KLL!M95="","",KLL!M95)
A96: =TRIB!A96 -> C95 | B96: =TRIB!B96 -> 747.84096 | C96: =TRIB!C96 -> 2542.7733 | D96: =TRIB!D96 -> B | E96: =IF(KLL!F96="","",KLL!F96) -> 3 | F96: 3 | G96: 2 | H96: 2 | I96: 2 | N96: =IF(KLL!M96="","",KLL!M96) | O96: =IF(KLL!M96="","",KLL!M96) | P96: =IF(KLL!M96="","",KLL!M96)
A97: =TRIB!A97 -> C96 | B97: =TRIB!B97 -> 747.91019 | C97: =TRIB!C97 -> 2570.782 | D97: =TRIB!D97 -> B | E97: =IF(KLL!F97="","",KLL!F97) -> 3 | F97: 3 | G97: 3 | H97: 3 | I97: 3 | N97: =IF(KLL!M97="","",KLL!M97) | O97: =IF(KLL!M97="","",KLL!M97) | P97: =IF(KLL!M97="","",KLL!M97)
A98: =TRIB!A98 -> C97 | B98: =TRIB!B98 -> 748.97327 | C98: =TRIB!C98 -> 2583.782 | D98: =TRIB!D98 -> B | E98: =IF(KLL!F98="","",KLL!F98) -> 3 | F98: 3 | G98: 3 | H98: 3 | I98: 3 | N98: =IF(KLL!M98="","",KLL!M98) | O98: =IF(KLL!M98="","",KLL!M98) | P98: =IF(KLL!M98="","",KLL!M98)
A99: =TRIB!A99 -> C98 | B99: =TRIB!B99 -> 749.8829 | C99: =TRIB!C99 -> 2601.782 | D99: =TRIB!D99 -> B | E99: =IF(KLL!F99="","",KLL!F99) -> 3 | F99: 3 | G99: 3 | H99: 3 | I99: 3 | N99: =IF(KLL!M99="","",KLL!M99) | O99: =IF(KLL!M99="","",KLL!M99) | P99: =IF(KLL!M99="","",KLL!M99)
A100: =TRIB!A100 -> C99 | B100: =TRIB!B100 -> 749.8829 | C100: =TRIB!C100 -> 2628.7915 | D100: =TRIB!D100 -> B | E100: =IF(KLL!F100="","",KLL!F100) -> 3 | F100: 3 | G100: 3 | H100: 2 | I100: 2 | N100: =IF(KLL!M100="","",KLL!M100) | O100: =IF(KLL!M100="","",KLL!M100) | P100: =IF(KLL!M100="","",KLL!M100)
A101: =TRIB!A101 -> C100 | B101: =TRIB!B101 -> 753.68786 | C101: =TRIB!C101 -> 1816.9369 | D101: =TRIB!D101 -> B | E101: =IF(KLL!F101="","",KLL!F101) -> 2 | F101: 2 | G101: 2 | H101: 2 | I101: 2 | J101: 2 | N101: =IF(KLL!M101="","",KLL!M101) | O101: =IF(KLL!M101="","",KLL!M101) | P101: =IF(KLL!M101="","",KLL!M101)
A102: =TRIB!A102 -> C101 | B102: =TRIB!B102 -> 766.00763 | C102: =TRIB!C102 -> 2542.7733 | D102: =TRIB!D102 -> B | E102: =IF(KLL!F102="","",KLL!F102) -> 3 | F102: 3 | G102: 2 | H102: 2 | I102: 2 | N102: =IF(KLL!M102="","",KLL!M102) | O102: =IF(KLL!M102="","",KLL!M102) | P102: =IF(KLL!M102="","",KLL!M102)
A103: =TRIB!A103 -> C102 | B103: =TRIB!B103 -> 773.33917 | C103: =TRIB!C103 -> 2562.6631 | D103: =TRIB!D103 -> B | E103: =IF(KLL!F103="","",KLL!F103) -> 3 | F103: 3 | G103: 3 | H103: 3 | I103: 3 | N103: =IF(KLL!M103="","",KLL!M103) | O103: =IF(KLL!M103="","",KLL!M103) | P103: =IF(KLL!M103="","",KLL!M103)
A104: =TRIB!A104 -> C103 | B104: =TRIB!B104 -> 776.63993 | C104: =TRIB!C104 -> 2628.7915 | D104: =TRIB!D104 -> B | E104: =IF(KLL!F104="","",KLL!F104) -> 2 | F104: 2 | G104: 2 | H104: 2 | I104: 2 | N104: =IF(KLL!M104="","",KLL!M104) | O104: =IF(KLL!M104="","",KLL!M104) | P104: =IF(KLL!M104="","",KLL!M104)
A105: =TRIB!A105 -> C104 | B105: =TRIB!B105 -> 780.67036 | C105: =TRIB!C105 -> 2588.3022 | D105: =TRIB!D105 -> B | E105: =IF(KLL!F105="","",KLL!F105) -> 3 | F105: 3 | G105: 3 | H105: 3 | I105: 3 | N105: =IF(KLL!M105="","",KLL!M105) | O105: =IF(KLL!M105="","",KLL!M105) | P105: =IF(KLL!M105="","",KLL!M105)
A106: =TRIB!A106 -> C105 | B106: =TRIB!B106 -> 783.9464 | C106: =TRIB!C106 -> 2607.4496 | D106: =TRIB!D106 -> B | E106: =IF(KLL!F106="","",KLL!F106) -> 2 | F106: 2 | G106: 2 | H106: 2 | I106: 2 | N106: =IF(KLL!M106="","",KLL!M106) | O106: =IF(KLL!M106="","",KLL!M106) | P106: =IF(KLL!M106="","",KLL!M106)
A107: =TRIB!A107 -> C106 | B107: =TRIB!B107 -> 731.00698 | C107: =TRIB!C107 -> 2498.9369 | D107: =TRIB!D107 -> B | E107: =IF(KLL!F107="","",KLL!F107) -> 2 | F107: 2 | G107: 2 | H107: 2 | I107: 2 | N107: =IF(KLL!M107="","",KLL!M107) | O107: =IF(KLL!M107="","",KLL!M107) | P107: =IF(KLL!M107="","",KLL!M107)
A108: =TRIB!A108 -> C107 | B108: =TRIB!B108 -> 767.01583 | C108: =TRIB!C108 -> 2498.9369 | D108: =TRIB!D108 -> B | E108: =IF(KLL!F108="","",KLL!F108) -> 2 | F108: 2 | G108: 2 | H108: 2 | I108: 2 | N108: =IF(KLL!M108="","",KLL!M108) | O108: =IF(KLL!M108="","",KLL!M108) | P108: =IF(KLL!M108="","",KLL!M108)
A109: =TRIB!A109 -> C108 | B109: =TRIB!B109 -> 767.01583 | C109: =TRIB!C109 -> 2524.4706 | D109: =TRIB!D109 -> B | E109: =IF(KLL!F109="","",KLL!F109) -> 2 | F109: 2 | G109: 2 | H109: 2 | I109: 2 | N109: =IF(KLL!M109="","",KLL!M109) | O109: =IF(KLL!M109="","",KLL!M109) | P109: =IF(KLL!M109="","",KLL!M109)
A110: =TRIB!A110 -> C109 | B110: =TRIB!B110 -> 549.95357 | C110: =TRIB!C110 -> 4005.7096 | D110: =TRIB!D110 -> B | E110: =IF(KLL!F110="","",KLL!F110) -> 3 | F110: 3 | G110: 3 | N110: =IF(KLL!M110="","",KLL!M110) | O110: =IF(KLL!M110="","",KLL!M110) | P110: =IF(KLL!M110="","",KLL!M110)
A111: =TRIB!A111 -> C110 | B111: =TRIB!B111 -> 564.67979 | C111: =TRIB!C111 -> 4005.7096 | D111: =TRIB!D111 -> B | E111: =IF(KLL!F111="","",KLL!F111) -> 3 | F111: 3 | G111: 3 | N111: =IF(KLL!M111="","",KLL!M111) | O111: =IF(KLL!M111="","",KLL!M111) | P111: =IF(KLL!M111="","",KLL!M111)
A112: =TRIB!A112 -> C111 | B112: =TRIB!B112 -> 466.80147 | C112: =TRIB!C112 -> 4568.7109 | D112: =TRIB!D112 -> A | E112: =IF(KLL!F112="","",KLL!F112) -> 3 | F112: 3 | N112: =IF(KLL!M112="","",KLL!M112) | O112: =IF(KLL!M112="","",KLL!M112) | P112: =IF(KLL!M112="","",KLL!M112)
A113: =TRIB!A113 -> C112 | B113: =TRIB!B113 -> 491.4835 | C113: =TRIB!C113 -> 4567.4193 | D113: =TRIB!D113 -> A | E113: =IF(KLL!F113="","",KLL!F113) -> 3 | F113: 3 | N113: =IF(KLL!M113="","",KLL!M113) | O113: =IF(KLL!M113="","",KLL!M113) | P113: =IF(KLL!M113="","",KLL!M113)
A114: =TRIB!A114 -> C113 | B114: =TRIB!B114 -> 586.05464 | C114: =TRIB!C114 -> 4571.69 | D114: =TRIB!D114 -> B | E114: =IF(KLL!F114="","",KLL!F114) -> 3 | F114: 3 | N114: =IF(KLL!M114="","",KLL!M114) | O114: =IF(KLL!M114="","",KLL!M114) | P114: =IF(KLL!M114="","",KLL!M114)
A115: =TRIB!A115 -> C114 | B115: =TRIB!B115 -> 612.7213 | C115: =TRIB!C115 -> 4571.69 | D115: =TRIB!D115 -> B | E115: =IF(KLL!F115="","",KLL!F115) -> 3 | F115: 3 | N115: =IF(KLL!M115="","",KLL!M115) | O115: =IF(KLL!M115="","",KLL!M115) | P115: =IF(KLL!M115="","",KLL!M115)
A116: =TRIB!A116 -> C115 | B116: =TRIB!B116 -> 634.88797 | C116: =TRIB!C116 -> 4571.69 | D116: =TRIB!D116 -> B | E116: =IF(KLL!F116="","",KLL!F116) -> 3 | F116: 3 | N116: =IF(KLL!M116="","",KLL!M116) | O116: =IF(KLL!M116="","",KLL!M116) | P116: =IF(KLL!M116="","",KLL!M116)
A117: =TRIB!A117 -> C116 | B117: =TRIB!B117 -> 670.29421 | C117: =TRIB!C117 -> 4570.7733 | D117: =TRIB!D117 -> B | E117: =IF(KLL!F117="","",KLL!F117) -> 3 | F117: 3 | N117: =IF(KLL!M117="","",KLL!M117) | O117: =IF(KLL!M117="","",KLL!M117) | P117: =IF(KLL!M117="","",KLL!M117)
A118: =TRIB!A118 -> C117 | B118: =TRIB!B118 -> 707.38119 | C118: =TRIB!C118 -> 4570.7733 | D118: =TRIB!D118 -> B | E118: =IF(KLL!F118="","",KLL!F118) -> 3 | F118: 3 | N118: =IF(KLL!M118="","",KLL!M118) | O118: =IF(KLL!M118="","",KLL!M118) | P118: =IF(KLL!M118="","",KLL!M118)
A119: =TRIB!A119 -> 7_UNLABELED_100 | B119: =TRIB!B119 -> 0 | C119: =TRIB!C119 -> 0 | D119: =TRIB!D119 -> A | E119: =IF(KLL!F119="","",KLL!F119) | N119: =IF(KLL!M119="","",KLL!M119) | O119: =IF(KLL!M119="","",KLL!M119) | P119: =IF(KLL!M119="","",KLL!M119)
A120: =TRIB!A120 -> 7_UNLABELED_101 | B120: =TRIB!B120 -> 0 | C120: =TRIB!C120 -> 0 | D120: =TRIB!D120 -> A | E120: =IF(KLL!F120="","",KLL!F120) | N120: =IF(KLL!M120="","",KLL!M120) | O120: =IF(KLL!M120="","",KLL!M120) | P120: =IF(KLL!M120="","",KLL!M120)
A121: =TRIB!A121 -> 7_UNLABELED_102 | B121: =TRIB!B121 -> 0 | C121: =TRIB!C121 -> 0 | D121: =TRIB!D121 -> A | E121: =IF(KLL!F121="","",KLL!F121) | N121: =IF(KLL!M121="","",KLL!M121) | O121: =IF(KLL!M121="","",KLL!M121) | P121: =IF(KLL!M121="","",KLL!M121)
A122: =TRIB!A122 -> 7_UNLABELED_103 | B122: =TRIB!B122 -> 0 | C122: =TRIB!C122 -> 0 | D122: =TRIB!D122 -> A | E122: =IF(KLL!F122="","",KLL!F122) | N122: =IF(KLL!M122="","",KLL!M122) | O122: =IF(KLL!M122="","",KLL!M122) | P122: =IF(KLL!M122="","",KLL!M122)
A123: =TRIB!A123 -> 7_UNLABELED_90 | B123: =TRIB!B123 -> 0 | C123: =TRIB!C123 -> 0 | D123: =TRIB!D123 -> A | E123: =IF(KLL!F123="","",KLL!F123) | N123: =IF(KLL!M123="","",KLL!M123) | O123: =IF(KLL!M123="","",KLL!M123) | P123: =IF(KLL!M123="","",KLL!M123)
A124: =TRIB!A124 -> 7_UNLABELED_91 | B124: =TRIB!B124 -> 0 | C124: =TRIB!C124 -> 0 | D124: =TRIB!D124 -> A | E124: =IF(KLL!F124="","",KLL!F124) | N124: =IF(KLL!M124="","",KLL!M124) | O124: =IF(KLL!M124="","",KLL!M124) | P124: =IF(KLL!M124="","",KLL!M124)
A125: =TRIB!A125 -> 7_UNLABELED_92 | B125: =TRIB!B125 -> 0 | C125: =TRIB!C125 -> 0 | D125: =TRIB!D125 -> A | E125: =IF(KLL!F125="","",KLL!F125) | N125: =IF(KLL!M125="","",KLL!M125) | O125: =IF(KLL!M125="","",KLL!M125) | P125: =IF(KLL!M125="","",KLL!M125)
A126: =TRIB!A126 -> 7_UNLABELED_93 | B126: =TRIB!B126 -> 0 | C126: =TRIB!C126 -> 0 | D126: =TRIB!D126 -> A | E126: =IF(KLL!F126="","",KLL!F126) | N126: =IF(KLL!M126="","",KLL!M126) | O126: =IF(KLL!M126="","",KLL!M126) | P126: =IF(KLL!M126="","",KLL!M126)
A127: =TRIB!A127 -> 7_UNLABELED_94 | B127: =TRIB!B127 -> 0 | C127: =TRIB!C127 -> 0 | D127: =TRIB!D127 -> A | E127: =IF(KLL!F127="","",KLL!F127) | N127: =IF(KLL!M127="","",KLL!M127) | O127: =IF(KLL!M127="","",KLL!M127) | P127: =IF(KLL!M127="","",KLL!M127)
A128: =TRIB!A128 -> 7_UNLABELED_95 | B128: =TRIB!B128 -> 0 | C128: =TRIB!C128 -> 0 | D128: =TRIB!D128 -> A | E128: =IF(KLL!F128="","",KLL!F128) | N128: =IF(KLL!M128="","",KLL!M128) | O128: =IF(KLL!M128="","",KLL!M128) | P128: =IF(KLL!M128="","",KLL!M128)
A129: =TRIB!A129 -> 7_UNLABELED_96 | B129: =TRIB!B129 -> 0 | C129: =TRIB!C129 -> 0 | D129: =TRIB!D129 -> A | E129: =IF(KLL!F129="","",KLL!F129) | N129: =IF(KLL!M129="","",KLL!M129) | O129: =IF(KLL!M129="","",KLL!M129) | P129: =IF(KLL!M129="","",KLL!M129)
A130: =TRIB!A130 -> 7_UNLABELED_97 | B130: =TRIB!B130 -> 0 | C130: =TRIB!C130 -> 0 | D130: =TRIB!D130 -> A | E130: =IF(KLL!F130="","",KLL!F130) | N130: =IF(KLL!M130="","",KLL!M130) | O130: =IF(KLL!M130="","",KLL!M130) | P130: =IF(KLL!M130="","",KLL!M130)
... A134: =TRIB!A134 -> 8_UNLABELED_107 | B134: =TRIB!B134 -> 0 | C134: =TRIB!C134 -> 0 | D134: =TRIB!D134 -> A | E134: =IF(KLL!F134="","",KLL!F134) | N134: =IF(KLL!M134="","",KLL!M134) | O134: =IF(KLL!M134="","",KLL!M134) | P134: =IF(KLL!M134="","",KLL!M134)

Sheet FACADE
A1: Column | B1: x (ft) | C1: y (ft) | D1: Section | E1: ROOF | F1: 11 | G1: 10 | H1: 9 | I1: 8 | J1: 7 | K1: 6 | L1: 5 | M1: 4 | N1: 3 | O1: 2 | P1: 1 | R1: Facade length (ft) attributed to each column per level by the engine's perimeter attribution.
A2: =TRIB!A2 -> C1 | B2: =TRIB!B2 -> 283.70052 | C2: =TRIB!C2 -> 569.16697 | D2: =TRIB!D2 -> A | F2: 49 | G2: 31 | H2: 32 | I2: 32 | J2: 32 | K2: 29 | L2: 29 | M2: 29 | N2: =IF(FACADE!M2="","",FACADE!M2) -> 29 | O2: =IF(FACADE!M2="","",FACADE!M2) -> 29 | P2: =IF(FACADE!M2="","",FACADE!M2) -> 29
A3: =TRIB!A3 -> C2 | B3: =TRIB!B3 -> 283.56914 | C3: =TRIB!C3 -> 554.06436 | D3: =TRIB!D3 -> A | G3: 29 | H3: 29 | I3: 29 | J3: 29 | K3: 29 | L3: 29 | M3: 29 | N3: =IF(FACADE!M3="","",FACADE!M3) -> 29 | O3: =IF(FACADE!M3="","",FACADE!M3) -> 29 | P3: =IF(FACADE!M3="","",FACADE!M3) -> 29
A4: =TRIB!A4 -> C3 | B4: =TRIB!B4 -> 302.32736 | C4: =TRIB!C4 -> 538.83473 | D4: =TRIB!D4 -> A | F4: 32 | G4: 24 | H4: 25 | I4: 25 | J4: 25 | K4: 25 | L4: 25 | M4: 25 | N4: =IF(FACADE!M4="","",FACADE!M4) -> 25 | O4: =IF(FACADE!M4="","",FACADE!M4) -> 25 | P4: =IF(FACADE!M4="","",FACADE!M4) -> 25
A5: =TRIB!A5 -> C4 | B5: =TRIB!B5 -> 301.5302 | C5: =TRIB!C5 -> 560.06227 | D5: =TRIB!D5 -> A | F5: 6 | G5: 6 | H5: 6 | I5: 6 | J5: 6 | K5: 6 | L5: 6 | M5: 6 | N5: =IF(FACADE!M5="","",FACADE!M5) -> 6 | O5: =IF(FACADE!M5="","",FACADE!M5) -> 6 | P5: =IF(FACADE!M5="","",FACADE!M5) -> 6
A6: =TRIB!A6 -> C5 | B6: =TRIB!B6 -> 311.63942 | C6: =TRIB!C6 -> 569.16697 | D6: =TRIB!D6 -> A | F6: 17 | G6: 17 | H6: 17 | I6: 17 | J6: 17 | K6: 17 | L6: 17 | M6: 17 | N6: =IF(FACADE!M6="","",FACADE!M6) -> 17 | O6: =IF(FACADE!M6="","",FACADE!M6) -> 17 | P6: =IF(FACADE!M6="","",FACADE!M6) -> 17
A7: =TRIB!A7 -> C6 | B7: =TRIB!B7 -> 313.93295 | C7: =TRIB!C7 -> 553.64886 | D7: =TRIB!D7 -> A | N7: =IF(FACADE!M7="","",FACADE!M7) | O7: =IF(FACADE!M7="","",FACADE!M7) | P7: =IF(FACADE!M7="","",FACADE!M7)
A8: =TRIB!A8 -> C7 | B8: =TRIB!B8 -> 336.33509 | C8: =TRIB!C8 -> 514.66264 | D8: =TRIB!D8 -> A | F8: 29 | G8: 30 | H8: 30 | I8: 30 | J8: 29 | K8: 30 | L8: 30 | M8: 30 | N8: =IF(FACADE!M8="","",FACADE!M8) -> 30 | O8: =IF(FACADE!M8="","",FACADE!M8) -> 30 | P8: =IF(FACADE!M8="","",FACADE!M8) -> 30
A9: =TRIB!A9 -> C8 | B9: =TRIB!B9 -> 346.65209 | C9: =TRIB!C9 -> 529.37224 | D9: =TRIB!D9 -> A | N9: =IF(FACADE!M9="","",FACADE!M9) | O9: =IF(FACADE!M9="","",FACADE!M9) | P9: =IF(FACADE!M9="","",FACADE!M9)
A10: =TRIB!A10 -> C9 | B10: =TRIB!B10 -> 356.10812 | C10: =TRIB!C10 -> 546.09305 | D10: =TRIB!D10 -> A | N10: =IF(FACADE!M10="","",FACADE!M10) | O10: =IF(FACADE!M10="","",FACADE!M10) | P10: =IF(FACADE!M10="","",FACADE!M10)
A11: =TRIB!A11 -> C10 | B11: =TRIB!B11 -> 357.42596 | C11: =TRIB!C11 -> 500.43849 | D11: =TRIB!D11 -> A | F11: 31 | G11: 29 | H11: 29 | I11: 29 | J11: 29 | K11: 29 | L11: 29 | M11: 29 | N11: =IF(FACADE!M11="","",FACADE!M11) -> 29 | O11: =IF(FACADE!M11="","",FACADE!M11) -> 29 | P11: =IF(FACADE!M11="","",FACADE!M11) -> 29
A12: =TRIB!A12 -> C11 | B12: =TRIB!B12 -> 363.12676 | C12: =TRIB!C12 -> 569.16697 | D12: =TRIB!D12 -> A | F12: 16 | G12: 16 | H12: 15 | I12: 15 | J12: 15 | K12: 15 | L12: 15 | M12: 15 | N12: =IF(FACADE!M12="","",FACADE!M12) -> 15 | O12: =IF(FACADE!M12="","",FACADE!M12) -> 15 | P12: =IF(FACADE!M12="","",FACADE!M12) -> 15
A13: =TRIB!A13 -> C12 | B13: =TRIB!B13 -> 366.75277 | C13: =TRIB!C13 -> 517.3193 | D13: =TRIB!D13 -> A | N13: =IF(FACADE!M13="","",FACADE!M13) | O13: =IF(FACADE!M13="","",FACADE!M13) | P13: =IF(FACADE!M13="","",FACADE!M13)
A14: =TRIB!A14 -> C13 | B14: =TRIB!B14 -> 369.2073 | C14: =TRIB!C14 -> 565.39679 | D14: =TRIB!D14 -> A | F14: 16 | G14: 16 | H14: 16 | I14: 16 | J14: 16 | K14: 18 | L14: 18 | M14: 18 | N14: =IF(FACADE!M14="","",FACADE!M14) -> 18 | O14: =IF(FACADE!M14="","",FACADE!M14) -> 18 | P14: =IF(FACADE!M14="","",FACADE!M14) -> 18
A15: =TRIB!A15 -> C14 | B15: =TRIB!B15 -> 379.78672 | C15: =TRIB!C15 -> 488.14041 | D15: =TRIB!D15 -> A | F15: 20 | G15: 20 | H15: 20 | I15: 20 | J15: 20 | K15: 20 | L15: 20 | M15: 20 | N15: =IF(FACADE!M15="","",FACADE!M15) -> 20 | O15: =IF(FACADE!M15="","",FACADE!M15) -> 20 | P15: =IF(FACADE!M15="","",FACADE!M15) -> 20
A16: =TRIB!A16 -> C15 | B16: =TRIB!B16 -> 386.33074 | C16: =TRIB!C16 -> 500.06083 | D16: =TRIB!D16 -> A | N16: =IF(FACADE!M16="","",FACADE!M16) | O16: =IF(FACADE!M16="","",FACADE!M16) | P16: =IF(FACADE!M16="","",FACADE!M16)
A17: =TRIB!A17 -> C16 | B17: =TRIB!B17 -> 391.0819 | C17: =TRIB!C17 -> 483.5929 | D17: =TRIB!D17 -> A | F17: 25 | G17: 20 | H17: 20 | I17: 20 | J17: 20 | K17: 20 | L17: 20 | M17: 20 | N17: =IF(FACADE!M17="","",FACADE!M17) -> 20 | O17: =IF(FACADE!M17="","",FACADE!M17) -> 20 | P17: =IF(FACADE!M17="","",FACADE!M17) -> 20
A18: =TRIB!A18 -> C17 | B18: =TRIB!B18 -> 398.96717 | C18: =TRIB!C18 -> 501.19724 | D18: =TRIB!D18 -> A | N18: =IF(FACADE!M18="","",FACADE!M18) | O18: =IF(FACADE!M18="","",FACADE!M18) | P18: =IF(FACADE!M18="","",FACADE!M18)
A19: =TRIB!A19 -> C18 | B19: =TRIB!B19 -> 403.37836 | C19: =TRIB!C19 -> 519.69652 | D19: =TRIB!D19 -> A | N19: =IF(FACADE!M19="","",FACADE!M19) | O19: =IF(FACADE!M19="","",FACADE!M19) | P19: =IF(FACADE!M19="","",FACADE!M19)
A20: =TRIB!A20 -> C19 | B20: =TRIB!B20 -> 403.5621 | C20: =TRIB!C20 -> 550.92387 | D20: =TRIB!D20 -> A | F20: 16 | G20: 16 | H20: 16 | I20: 16 | J20: 16 | K20: 16 | L20: 16 | M20: 16 | N20: =IF(FACADE!M20="","",FACADE!M20) -> 16 | O20: =IF(FACADE!M20="","",FACADE!M20) -> 16 | P20: =IF(FACADE!M20="","",FACADE!M20) -> 16
A21: =TRIB!A21 -> C20 | B21: =TRIB!B21 -> 413.15489 | C21: =TRIB!C21 -> 540.71361 | D21: =TRIB!D21 -> A | F21: 17 | G21: 17 | H21: 17 | I21: 17 | J21: 16 | K21: 18 | L21: 18 | M21: 18 | N21: =IF(FACADE!M21="","",FACADE!M21) -> 18 | O21: =IF(FACADE!M21="","",FACADE!M21) -> 18 | P21: =IF(FACADE!M21="","",FACADE!M21) -> 18
A22: =TRIB!A22 -> C21 | B22: =TRIB!B22 -> 415.10129 | C22: =TRIB!C22 -> 475.24727 | D22: =TRIB!D22 -> A | F22: 30 | G22: 28 | H22: 28 | I22: 28 | J22: 28 | K22: 28 | L22: 28 | M22: 28 | N22: =IF(FACADE!M22="","",FACADE!M22) -> 28 | O22: =IF(FACADE!M22="","",FACADE!M22) -> 28 | P22: =IF(FACADE!M22="","",FACADE!M22) -> 28
A23: =TRIB!A23 -> C22 | B23: =TRIB!B23 -> 421.56907 | C23: =TRIB!C23 -> 491.71922 | D23: =TRIB!D23 -> A | N23: =IF(FACADE!M23="","",FACADE!M23) | O23: =IF(FACADE!M23="","",FACADE!M23) | P23: =IF(FACADE!M23="","",FACADE!M23)
A24: =TRIB!A24 -> C23 | B24: =TRIB!B24 -> 429.69953 | C24: =TRIB!C24 -> 509.04239 | D24: =TRIB!D24 -> A | N24: =IF(FACADE!M24="","",FACADE!M24) | O24: =IF(FACADE!M24="","",FACADE!M24) | P24: =IF(FACADE!M24="","",FACADE!M24)
A25: =TRIB!A25 -> C24 | B25: =TRIB!B25 -> 434.30381 | C25: =TRIB!C25 -> 520.77628 | D25: =TRIB!D25 -> A | N25: =IF(FACADE!M25="","",FACADE!M25) | O25: =IF(FACADE!M25="","",FACADE!M25) | P25: =IF(FACADE!M25="","",FACADE!M25)
A26: =TRIB!A26 -> C25 | B26: =TRIB!B26 -> 439.11265 | C26: =TRIB!C26 -> 466.88686 | D26: =TRIB!D26 -> A | F26: 34 | G26: 27 | H26: 27 | I26: 27 | J26: 27 | K26: 27 | L26: 27 | M26: 27 | N26: =IF(FACADE!M26="","",FACADE!M26) -> 27 | O26: =IF(FACADE!M26="","",FACADE!M26) -> 27 | P26: =IF(FACADE!M26="","",FACADE!M26) -> 27
A27: =TRIB!A27 -> C26 | B27: =TRIB!B27 -> 439.61082 | C27: =TRIB!C27 -> 536.31421 | D27: =TRIB!D27 -> A | F27: 20 | G27: 20 | H27: 20 | I27: 20 | J27: 20 | K27: 20 | L27: 20 | M27: 20 | N27: =IF(FACADE!M27="","",FACADE!M27) -> 20 | O27: =IF(FACADE!M27="","",FACADE!M27) -> 20 | P27: =IF(FACADE!M27="","",FACADE!M27) -> 20
A28: =TRIB!A28 -> C27 | B28: =TRIB!B28 -> 442.90195 | C28: =TRIB!C28 -> 505.26672 | D28: =TRIB!D28 -> A | N28: =IF(FACADE!M28="","",FACADE!M28) | O28: =IF(FACADE!M28="","",FACADE!M28) | P28: =IF(FACADE!M28="","",FACADE!M28)
A29: =TRIB!A29 -> C28 | B29: =TRIB!B29 -> 444.00375 | C29: =TRIB!C29 -> 485.34718 | D29: =TRIB!D29 -> A | N29: =IF(FACADE!M29="","",FACADE!M29) | O29: =IF(FACADE!M29="","",FACADE!M29) | P29: =IF(FACADE!M29="","",FACADE!M29)
A30: =TRIB!A30 -> C29 | B30: =TRIB!B30 -> 447.50029 | C30: =TRIB!C30 -> 517.03228 | D30: =TRIB!D30 -> A | N30: =IF(FACADE!M30="","",FACADE!M30) | O30: =IF(FACADE!M30="","",FACADE!M30) | P30: =IF(FACADE!M30="","",FACADE!M30)
A31: =TRIB!A31 -> C30 | B31: =TRIB!B31 -> 450.72981 | C31: =TRIB!C31 -> 532.56078 | D31: =TRIB!D31 -> A | F31: 19 | G31: 19 | H31: 19 | I31: 19 | J31: 19 | K31: 19 | L31: 19 | M31: 19 | N31: =IF(FACADE!M31="","",FACADE!M31) -> 19 | O31: =IF(FACADE!M31="","",FACADE!M31) -> 19 | P31: =IF(FACADE!M31="","",FACADE!M31) -> 19
A32: =TRIB!A32 -> C31 | B32: =TRIB!B32 -> 464.09198 | C32: =TRIB!C32 -> 462.19035 | D32: =TRIB!D32 -> A | F32: 30 | G32: 28 | H32: 28 | I32: 28 | J32: 28 | K32: 28 | L32: 28 | M32: 28 | N32: =IF(FACADE!M32="","",FACADE!M32) -> 28 | O32: =IF(FACADE!M32="","",FACADE!M32) -> 28 | P32: =IF(FACADE!M32="","",FACADE!M32) -> 28
A33: =TRIB!A33 -> C32 | B33: =TRIB!B33 -> 468.13337 | C33: =TRIB!C33 -> 479.18138 | D33: =TRIB!D33 -> A | N33: =IF(FACADE!M33="","",FACADE!M33) | O33: =IF(FACADE!M33="","",FACADE!M33) | P33: =IF(FACADE!M33="","",FACADE!M33)
A34: =TRIB!A34 -> C33 | B34: =TRIB!B34 -> 489.06481 | C34: =TRIB!C34 -> 457.47643 | D34: =TRIB!D34 -> A | F34: 19 | G34: 20 | H34: 25 | I34: 25 | J34: 25 | K34: 25 | L34: 25 | M34: 25 | N34: =IF(FACADE!M34="","",FACADE!M34) -> 25 | O34: =IF(FACADE!M34="","",FACADE!M34) -> 25 | P34: =IF(FACADE!M34="","",FACADE!M34) -> 25
A35: =TRIB!A35 -> C34 | B35: =TRIB!B35 -> 490.93072 | C35: =TRIB!C35 -> 476.67579 | D35: =TRIB!D35 -> A | N35: =IF(FACADE!M35="","",FACADE!M35) | O35: =IF(FACADE!M35="","",FACADE!M35) | P35: =IF(FACADE!M35="","",FACADE!M35)
A36: =TRIB!A36 -> C35 | B36: =TRIB!B36 -> 496.47575 | C36: =TRIB!C36 -> 499.58672 | D36: =TRIB!D36 -> A | N36: =IF(FACADE!M36="","",FACADE!M36) | O36: =IF(FACADE!M36="","",FACADE!M36) | P36: =IF(FACADE!M36="","",FACADE!M36)
A37: =TRIB!A37 -> C36 | B37: =TRIB!B37 -> 498.8676 | C37: =TRIB!C37 -> 523.1991 | D37: =TRIB!D37 -> A | F37: 22 | G37: 22 | H37: 22 | I37: 22 | J37: 22 | K37: 22 | L37: 22 | M37: 22 | N37: =IF(FACADE!M37="","",FACADE!M37) -> 22 | O37: =IF(FACADE!M37="","",FACADE!M37) -> 22 | P37: =IF(FACADE!M37="","",FACADE!M37) -> 22
A38: =TRIB!A38 -> C37 | B38: =TRIB!B38 -> 501.10001 | C38: =TRIB!C38 -> 455.78498 | D38: =TRIB!D38 -> A | F38: 19 | G38: 19 | H38: 24 | I38: 24 | J38: 24 | K38: 24 | L38: 24 | M38: 24 | N38: =IF(FACADE!M38="","",FACADE!M38) -> 24 | O38: =IF(FACADE!M38="","",FACADE!M38) -> 24 | P38: =IF(FACADE!M38="","",FACADE!M38) -> 24
A39: =TRIB!A39 -> C38 | B39: =TRIB!B39 -> 501.9128 | C39: =TRIB!C39 -> 469.05969 | D39: =TRIB!D39 -> A | N39: =IF(FACADE!M39="","",FACADE!M39) | O39: =IF(FACADE!M39="","",FACADE!M39) | P39: =IF(FACADE!M39="","",FACADE!M39)
A40: =TRIB!A40 -> C39 | B40: =TRIB!B40 -> 512.94598 | C40: =TRIB!C40 -> 551.27331 | D40: =TRIB!D40 -> A | F40: 22 | G40: 23 | H40: 23 | I40: 23 | J40: 23 | K40: 22 | L40: 22 | M40: 22 | N40: =IF(FACADE!M40="","",FACADE!M40) -> 22 | O40: =IF(FACADE!M40="","",FACADE!M40) -> 22 | P40: =IF(FACADE!M40="","",FACADE!M40) -> 22
A41: =TRIB!A41 -> C40 | B41: =TRIB!B41 -> 512.94598 | C41: =TRIB!C41 -> 565.46534 | D41: =TRIB!D41 -> A | F41: 22 | G41: 24 | H41: 66 | I41: 24 | J41: 23 | K41: 22 | L41: 23 | M41: 23 | N41: =IF(FACADE!M41="","",FACADE!M41) -> 23 | O41: =IF(FACADE!M41="","",FACADE!M41) -> 23 | P41: =IF(FACADE!M41="","",FACADE!M41) -> 23
A42: =TRIB!A42 -> C41 | B42: =TRIB!B42 -> 517.14167 | C42: =TRIB!C42 -> 521.43199 | D42: =TRIB!D42 -> A | F42: 15 | G42: 15 | H42: 15 | I42: 15 | J42: 15 | K42: 15 | L42: 15 | M42: 15 | N42: =IF(FACADE!M42="","",FACADE!M42) -> 15 | O42: =IF(FACADE!M42="","",FACADE!M42) -> 15 | P42: =IF(FACADE!M42="","",FACADE!M42) -> 15
A43: =TRIB!A43 -> C42 | B43: =TRIB!B43 -> 519.92514 | C43: =TRIB!C43 -> 534.54987 | D43: =TRIB!D43 -> A | F43: 17 | G43: 16 | H43: 16 | I43: 16 | J43: 16 | K43: 17 | L43: 16 | M43: 16 | N43: =IF(FACADE!M43="","",FACADE!M43) -> 16 | O43: =IF(FACADE!M43="","",FACADE!M43) -> 16 | P43: =IF(FACADE!M43="","",FACADE!M43) -> 16
A44: =TRIB!A44 -> C43 | B44: =TRIB!B44 -> 522.70392 | C44: =TRIB!C44 -> 491.49682 | D44: =TRIB!D44 -> A | N44: =IF(FACADE!M44="","",FACADE!M44) | O44: =IF(FACADE!M44="","",FACADE!M44) | P44: =IF(FACADE!M44="","",FACADE!M44)
A45: =TRIB!A45 -> C44 | B45: =TRIB!B45 -> 525.78725 | C45: =TRIB!C45 -> 512.24073 | D45: =TRIB!D45 -> A | N45: =IF(FACADE!M45="","",FACADE!M45) | O45: =IF(FACADE!M45="","",FACADE!M45) | P45: =IF(FACADE!M45="","",FACADE!M45)
A46: =TRIB!A46 -> C45 | B46: =TRIB!B46 -> 526.59666 | C46: =TRIB!C46 -> 452.93692 | D46: =TRIB!D46 -> A | F46: 21 | G46: 22 | H46: 22 | I46: 22 | J46: 22 | K46: 22 | L46: 22 | M46: 22 | N46: =IF(FACADE!M46="","",FACADE!M46) -> 22 | O46: =IF(FACADE!M46="","",FACADE!M46) -> 22 | P46: =IF(FACADE!M46="","",FACADE!M46) -> 22
A47: =TRIB!A47 -> C46 | B47: =TRIB!B47 -> 526.59666 | C47: =TRIB!C47 -> 468.19646 | D47: =TRIB!D47 -> A | N47: =IF(FACADE!M47="","",FACADE!M47) | O47: =IF(FACADE!M47="","",FACADE!M47) | P47: =IF(FACADE!M47="","",FACADE!M47)
A48: =TRIB!A48 -> C47 | B48: =TRIB!B48 -> 527.88599 | C48: =TRIB!C48 -> 521.34319 | D48: =TRIB!D48 -> A | N48: =IF(FACADE!M48="","",FACADE!M48) | O48: =IF(FACADE!M48="","",FACADE!M48) | P48: =IF(FACADE!M48="","",FACADE!M48)
A49: =TRIB!A49 -> C48 | B49: =TRIB!B49 -> 533.51822 | C49: =TRIB!C49 -> 549.18477 | D49: =TRIB!D49 -> A | N49: =IF(FACADE!M49="","",FACADE!M49) | O49: =IF(FACADE!M49="","",FACADE!M49) | P49: =IF(FACADE!M49="","",FACADE!M49)
A50: =TRIB!A50 -> C49 | B50: =TRIB!B50 -> 533.51822 | C50: =TRIB!C50 -> 565.59034 | D50: =TRIB!D50 -> A | F50: 21 | G50: 21 | I50: 21 | J50: 21 | K50: 21 | L50: 21 | M50: 21 | N50: =IF(FACADE!M50="","",FACADE!M50) -> 21 | O50: =IF(FACADE!M50="","",FACADE!M50) -> 21 | P50: =IF(FACADE!M50="","",FACADE!M50) -> 21
A51: =TRIB!A51 -> C50 | B51: =TRIB!B51 -> 536.16497 | C51: =TRIB!C51 -> 508.15739 | D51: =TRIB!D51 -> A | N51: =IF(FACADE!M51="","",FACADE!M51) | O51: =IF(FACADE!M51="","",FACADE!M51) | P51: =IF(FACADE!M51="","",FACADE!M51)
A52: =TRIB!A52 -> C51 | B52: =TRIB!B52 -> 537.54457 | C52: =TRIB!C52 -> 451.10358 | D52: =TRIB!D52 -> A | F52: 14 | G52: 15 | H52: 14 | I52: 15 | J52: 14 | K52: 14 | L52: 15 | M52: 15 | N52: =IF(FACADE!M52="","",FACADE!M52) -> 15 | O52: =IF(FACADE!M52="","",FACADE!M52) -> 15 | P52: =IF(FACADE!M52="","",FACADE!M52) -> 15
A53: =TRIB!A53 -> C52 | B53: =TRIB!B53 -> 544.81383 | C53: =TRIB!C53 -> 533.77382 | D53: =TRIB!D53 -> B | N53: =IF(FACADE!M53="","",FACADE!M53) | O53: =IF(FACADE!M53="","",FACADE!M53) | P53: =IF(FACADE!M53="","",FACADE!M53)
A54: =TRIB!A54 -> C53 | B54: =TRIB!B54 -> 553.97653 | C54: =TRIB!C54 -> 451.10358 | D54: =TRIB!D54 -> B | F54: 14 | G54: 14 | H54: 15 | I54: 14 | J54: 14 | K54: 15 | L54: 14 | M54: 14 | N54: =IF(FACADE!M54="","",FACADE!M54) -> 14 | O54: =IF(FACADE!M54="","",FACADE!M54) -> 14 | P54: =IF(FACADE!M54="","",FACADE!M54) -> 14
A55: =TRIB!A55 -> C54 | B55: =TRIB!B55 -> 554.08073 | C55: =TRIB!C55 -> 467.01579 | D55: =TRIB!D55 -> B | N55: =IF(FACADE!M55="","",FACADE!M55) | O55: =IF(FACADE!M55="","",FACADE!M55) | P55: =IF(FACADE!M55="","",FACADE!M55)
A56: =TRIB!A56 -> C55 | B56: =TRIB!B56 -> 555.28421 | C56: =TRIB!C56 -> 565.46534 | D56: =TRIB!D56 -> B | F56: 15 | G56: 15 | I56: 15 | J56: 15 | K56: 15 | L56: 15 | M56: 15 | N56: =IF(FACADE!M56="","",FACADE!M56) -> 15 | O56: =IF(FACADE!M56="","",FACADE!M56) -> 15 | P56: =IF(FACADE!M56="","",FACADE!M56) -> 15
A57: =TRIB!A57 -> C56 | B57: =TRIB!B57 -> 564.48187 | C57: =TRIB!C57 -> 565.59034 | D57: =TRIB!D57 -> B | J57: 20 | K57: 9 | L57: 9 | M57: 9 | N57: =IF(FACADE!M57="","",FACADE!M57) -> 9 | O57: =IF(FACADE!M57="","",FACADE!M57) -> 9 | P57: =IF(FACADE!M57="","",FACADE!M57) -> 9
A58: =TRIB!A58 -> C57 | B58: =TRIB!B58 -> 564.50774 | C58: =TRIB!C58 -> 452.93692 | D58: =TRIB!D58 -> B | F58: 16 | G58: 21 | H58: 16 | I58: 16 | J58: 16 | K58: 16 | L58: 16 | M58: 16 | N58: =IF(FACADE!M58="","",FACADE!M58) -> 16 | O58: =IF(FACADE!M58="","",FACADE!M58) -> 16 | P58: =IF(FACADE!M58="","",FACADE!M58) -> 16
A59: =TRIB!A59 -> C58 | B59: =TRIB!B59 -> 564.50774 | C59: =TRIB!C59 -> 483.23292 | D59: =TRIB!D59 -> B | N59: =IF(FACADE!M59="","",FACADE!M59) | O59: =IF(FACADE!M59="","",FACADE!M59) | P59: =IF(FACADE!M59="","",FACADE!M59)
A60: =TRIB!A60 -> C59 | B60: =TRIB!B60 -> 564.5652 | C60: =TRIB!C60 -> 548.54556 | D60: =TRIB!D60 -> B | K60: 2 | L60: 2 | M60: 2 | N60: =IF(FACADE!M60="","",FACADE!M60) -> 2 | O60: =IF(FACADE!M60="","",FACADE!M60) -> 2 | P60: =IF(FACADE!M60="","",FACADE!M60) -> 2
A61: =TRIB!A61 -> C60 | B61: =TRIB!B61 -> 586.05464 | C61: =TRIB!C61 -> 452.93692 | D61: =TRIB!D61 -> B | F61: 24 | G61: 25 | H61: 30 | I61: 30 | J61: 30 | K61: 30 | L61: 30 | M61: 30 | N61: =IF(FACADE!M61="","",FACADE!M61) -> 30 | O61: =IF(FACADE!M61="","",FACADE!M61) -> 30 | P61: =IF(FACADE!M61="","",FACADE!M61) -> 30
A62: =TRIB!A62 -> C61 | B62: =TRIB!B62 -> 612.7213 | C62: =TRIB!C62 -> 452.93692 | D62: =TRIB!D62 -> B | F62: 25 | G62: 24 | H62: 30 | I62: 30 | J62: 30 | K62: 30 | L62: 30 | M62: 30 | N62: =IF(FACADE!M62="","",FACADE!M62) -> 30 | O62: =IF(FACADE!M62="","",FACADE!M62) -> 30 | P62: =IF(FACADE!M62="","",FACADE!M62) -> 30
A63: =TRIB!A63 -> C62 | B63: =TRIB!B63 -> 634.92099 | C63: =TRIB!C63 -> 452.93692 | D63: =TRIB!D63 -> B | F63: 17 | G63: 17 | H63: 17 | I63: 17 | J63: 17 | K63: 61 | L63: 21 | M63: 21 | N63: =IF(FACADE!M63="","",FACADE!M63) -> 21 | O63: =IF(FACADE!M63="","",FACADE!M63) -> 21 | P63: =IF(FACADE!M63="","",FACADE!M63) -> 21
A64: =TRIB!A64 -> C63 | B64: =TRIB!B64 -> 582.98187 | C64: =TRIB!C64 -> 1885.9394 | D64: =TRIB!D64 -> B | N64: =IF(FACADE!M64="","",FACADE!M64) | O64: =IF(FACADE!M64="","",FACADE!M64) | P64: =IF(FACADE!M64="","",FACADE!M64)
A65: =TRIB!A65 -> C64 | B65: =TRIB!B65 -> 582.98187 | C65: =TRIB!C65 -> 1919.106 | D65: =TRIB!D65 -> B | N65: =IF(FACADE!M65="","",FACADE!M65) | O65: =IF(FACADE!M65="","",FACADE!M65) | P65: =IF(FACADE!M65="","",FACADE!M65)
A66: =TRIB!A66 -> C65 | B66: =TRIB!B66 -> 582.98187 | C66: =TRIB!C66 -> 1945.7727 | D66: =TRIB!D66 -> B | J66: 45 | N66: =IF(FACADE!M66="","",FACADE!M66) | O66: =IF(FACADE!M66="","",FACADE!M66) | P66: =IF(FACADE!M66="","",FACADE!M66)
A67: =TRIB!A67 -> C66 | B67: =TRIB!B67 -> 586.05464 | C67: =TRIB!C67 -> 1860.7733 | D67: =TRIB!D67 -> B | N67: =IF(FACADE!M67="","",FACADE!M67) | O67: =IF(FACADE!M67="","",FACADE!M67) | P67: =IF(FACADE!M67="","",FACADE!M67)
A68: =TRIB!A68 -> C67 | B68: =TRIB!B68 -> 608.2213 | C68: =TRIB!C68 -> 1888.782 | D68: =TRIB!D68 -> B | N68: =IF(FACADE!M68="","",FACADE!M68) | O68: =IF(FACADE!M68="","",FACADE!M68) | P68: =IF(FACADE!M68="","",FACADE!M68)
A69: =TRIB!A69 -> C68 | B69: =TRIB!B69 -> 608.2213 | C69: =TRIB!C69 -> 1919.782 | D69: =TRIB!D69 -> B | N69: =IF(FACADE!M69="","",FACADE!M69) | O69: =IF(FACADE!M69="","",FACADE!M69) | P69: =IF(FACADE!M69="","",FACADE!M69)
A70: =TRIB!A70 -> C69 | B70: =TRIB!B70 -> 608.2213 | C70: =TRIB!C70 -> 1946.9477 | D70: =TRIB!D70 -> B | J70: 33 | N70: =IF(FACADE!M70="","",FACADE!M70) | O70: =IF(FACADE!M70="","",FACADE!M70) | P70: =IF(FACADE!M70="","",FACADE!M70)
A71: =TRIB!A71 -> C70 | B71: =TRIB!B71 -> 612.7213 | C71: =TRIB!C71 -> 1860.7733 | D71: =TRIB!D71 -> B | N71: =IF(FACADE!M71="","",FACADE!M71) | O71: =IF(FACADE!M71="","",FACADE!M71) | P71: =IF(FACADE!M71="","",FACADE!M71)
A72: =TRIB!A72 -> C71 | B72: =TRIB!B72 -> 634.88797 | C72: =TRIB!C72 -> 1860.7733 | D72: =TRIB!D72 -> B | N72: =IF(FACADE!M72="","",FACADE!M72) | O72: =IF(FACADE!M72="","",FACADE!M72) | P72: =IF(FACADE!M72="","",FACADE!M72)
A73: =TRIB!A73 -> C72 | B73: =TRIB!B73 -> 634.88797 | C73: =TRIB!C73 -> 1888.782 | D73: =TRIB!D73 -> B | N73: =IF(FACADE!M73="","",FACADE!M73) | O73: =IF(FACADE!M73="","",FACADE!M73) | P73: =IF(FACADE!M73="","",FACADE!M73)
A74: =TRIB!A74 -> C73 | B74: =TRIB!B74 -> 634.88797 | C74: =TRIB!C74 -> 1919.782 | D74: =TRIB!D74 -> B | N74: =IF(FACADE!M74="","",FACADE!M74) | O74: =IF(FACADE!M74="","",FACADE!M74) | P74: =IF(FACADE!M74="","",FACADE!M74)
A75: =TRIB!A75 -> C74 | B75: =TRIB!B75 -> 634.88797 | C75: =TRIB!C75 -> 1946.7915 | D75: =TRIB!D75 -> B | J75: 27 | N75: =IF(FACADE!M75="","",FACADE!M75) | O75: =IF(FACADE!M75="","",FACADE!M75) | P75: =IF(FACADE!M75="","",FACADE!M75)
A76: =TRIB!A76 -> C75 | B76: =TRIB!B76 -> 636.7213 | C76: =TRIB!C76 -> 1901.782 | D76: =TRIB!D76 -> B | N76: =IF(FACADE!M76="","",FACADE!M76) | O76: =IF(FACADE!M76="","",FACADE!M76) | P76: =IF(FACADE!M76="","",FACADE!M76)
A77: =TRIB!A77 -> C76 | B77: =TRIB!B77 -> 646.46101 | C77: =TRIB!C77 -> 1816.9369 | D77: =TRIB!D77 -> B | F77: 17 | G77: 18 | H77: 17 | I77: 17 | J77: 18 | N77: =IF(FACADE!M77="","",FACADE!M77) | O77: =IF(FACADE!M77="","",FACADE!M77) | P77: =IF(FACADE!M77="","",FACADE!M77)
A78: =TRIB!A78 -> C77 | B78: =TRIB!B78 -> 661.49605 | C78: =TRIB!C78 -> 1860.7733 | D78: =TRIB!D78 -> B | N78: =IF(FACADE!M78="","",FACADE!M78) | O78: =IF(FACADE!M78="","",FACADE!M78) | P78: =IF(FACADE!M78="","",FACADE!M78)
A79: =TRIB!A79 -> C78 | B79: =TRIB!B79 -> 661.49605 | C79: =TRIB!C79 -> 1888.782 | D79: =TRIB!D79 -> B | N79: =IF(FACADE!M79="","",FACADE!M79) | O79: =IF(FACADE!M79="","",FACADE!M79) | P79: =IF(FACADE!M79="","",FACADE!M79)
A80: =TRIB!A80 -> C79 | B80: =TRIB!B80 -> 661.49605 | C80: =TRIB!C80 -> 1919.782 | D80: =TRIB!D80 -> B | N80: =IF(FACADE!M80="","",FACADE!M80) | O80: =IF(FACADE!M80="","",FACADE!M80) | P80: =IF(FACADE!M80="","",FACADE!M80)
A81: =TRIB!A81 -> C80 | B81: =TRIB!B81 -> 661.49605 | C81: =TRIB!C81 -> 1946.7915 | D81: =TRIB!D81 -> B | J81: 27 | N81: =IF(FACADE!M81="","",FACADE!M81) | O81: =IF(FACADE!M81="","",FACADE!M81) | P81: =IF(FACADE!M81="","",FACADE!M81)
A82: =TRIB!A82 -> C81 | B82: =TRIB!B82 -> 663.32939 | C82: =TRIB!C82 -> 1901.782 | D82: =TRIB!D82 -> B | N82: =IF(FACADE!M82="","",FACADE!M82) | O82: =IF(FACADE!M82="","",FACADE!M82) | P82: =IF(FACADE!M82="","",FACADE!M82)
A83: =TRIB!A83 -> C82 | B83: =TRIB!B83 -> 669.37755 | C83: =TRIB!C83 -> 1816.9369 | D83: =TRIB!D83 -> B | F83: 33 | G83: 25 | H83: 31 | I83: 31 | J83: 17 | N83: =IF(FACADE!M83="","",FACADE!M83) | O83: =IF(FACADE!M83="","",FACADE!M83) | P83: =IF(FACADE!M83="","",FACADE!M83)
A84: =TRIB!A84 -> C83 | B84: =TRIB!B84 -> 688.10414 | C84: =TRIB!C84 -> 1860.7733 | D84: =TRIB!D84 -> B | N84: =IF(FACADE!M84="","",FACADE!M84) | O84: =IF(FACADE!M84="","",FACADE!M84) | P84: =IF(FACADE!M84="","",FACADE!M84)
A85: =TRIB!A85 -> C84 | B85: =TRIB!B85 -> 688.10414 | C85: =TRIB!C85 -> 1888.782 | D85: =TRIB!D85 -> B | N85: =IF(FACADE!M85="","",FACADE!M85) | O85: =IF(FACADE!M85="","",FACADE!M85) | P85: =IF(FACADE!M85="","",FACADE!M85)
A86: =TRIB!A86 -> C85 | B86: =TRIB!B86 -> 689.0208 | C86: =TRIB!C86 -> 1901.782 | D86: =TRIB!D86 -> B | I86: 2 | J86: 27 | N86: =IF(FACADE!M86="","",FACADE!M86) | O86: =IF(FACADE!M86="","",FACADE!M86) | P86: =IF(FACADE!M86="","",FACADE!M86)
A87: =TRIB!A87 -> C86 | B87: =TRIB!B87 -> 688.10414 | C87: =TRIB!C87 -> 3283.782 | D87: =TRIB!D87 -> B | N87: =IF(FACADE!M87="","",FACADE!M87) | O87: =IF(FACADE!M87="","",FACADE!M87) | P87: =IF(FACADE!M87="","",FACADE!M87)
A88: =TRIB!A88 -> C87 | B88: =TRIB!B88 -> 688.10414 | C88: =TRIB!C88 -> 3310.7915 | D88: =TRIB!D88 -> B | G88: 23 | H88: 23 | N88: =IF(FACADE!M88="","",FACADE!M88) | O88: =IF(FACADE!M88="","",FACADE!M88) | P88: =IF(FACADE!M88="","",FACADE!M88)
A89: =TRIB!A89 -> C88 | B89: =TRIB!B89 -> 696.55042 | C89: =TRIB!C89 -> 1816.9369 | D89: =TRIB!D89 -> B | F89: 25 | G89: 25 | H89: 31 | I89: 31 | J89: 24 | N89: =IF(FACADE!M89="","",FACADE!M89) | O89: =IF(FACADE!M89="","",FACADE!M89) | P89: =IF(FACADE!M89="","",FACADE!M89)
A90: =TRIB!A90 -> C89 | B90: =TRIB!B90 -> 707.71697 | C90: =TRIB!C90 -> 1901.782 | D90: =TRIB!D90 -> B | J90: 25 | N90: =IF(FACADE!M90="","",FACADE!M90) | O90: =IF(FACADE!M90="","",FACADE!M90) | P90: =IF(FACADE!M90="","",FACADE!M90)
A91: =TRIB!A91 -> C90 | B91: =TRIB!B91 -> 714.74352 | C91: =TRIB!C91 -> 1888.782 | D91: =TRIB!D91 -> B | J91: 25 | N91: =IF(FACADE!M91="","",FACADE!M91) | O91: =IF(FACADE!M91="","",FACADE!M91) | P91: =IF(FACADE!M91="","",FACADE!M91)
A92: =TRIB!A92 -> C91 | B92: =TRIB!B92 -> 714.74352 | C92: =TRIB!C92 -> 2601.782 | D92: =TRIB!D92 -> B | N92: =IF(FACADE!M92="","",FACADE!M92) | O92: =IF(FACADE!M92="","",FACADE!M92) | P92: =IF(FACADE!M92="","",FACADE!M92)
A93: =TRIB!A93 -> C92 | B93: =TRIB!B93 -> 714.74352 | C93: =TRIB!C93 -> 2628.7915 | D93: =TRIB!D93 -> B | G93: 3 | N93: =IF(FACADE!M93="","",FACADE!M93) | O93: =IF(FACADE!M93="","",FACADE!M93) | P93: =IF(FACADE!M93="","",FACADE!M93)
A94: =TRIB!A94 -> C93 | B94: =TRIB!B94 -> 715.31497 | C94: =TRIB!C94 -> 1860.7733 | D94: =TRIB!D94 -> B | J94: 43 | N94: =IF(FACADE!M94="","",FACADE!M94) | O94: =IF(FACADE!M94="","",FACADE!M94) | P94: =IF(FACADE!M94="","",FACADE!M94)
A95: =TRIB!A95 -> C94 | B95: =TRIB!B95 -> 719.46696 | C95: =TRIB!C95 -> 1816.9369 | D95: =TRIB!D95 -> B | F95: 17 | G95: 17 | H95: 23 | I95: 23 | J95: 40 | N95: =IF(FACADE!M95="","",FACADE!M95) | O95: =IF(FACADE!M95="","",FACADE!M95) | P95: =IF(FACADE!M95="","",FACADE!M95)
A96: =TRIB!A96 -> C95 | B96: =TRIB!B96 -> 747.84096 | C96: =TRIB!C96 -> 2542.7733 | D96: =TRIB!D96 -> B | N96: =IF(FACADE!M96="","",FACADE!M96) | O96: =IF(FACADE!M96="","",FACADE!M96) | P96: =IF(FACADE!M96="","",FACADE!M96)
A97: =TRIB!A97 -> C96 | B97: =TRIB!B97 -> 747.91019 | C97: =TRIB!C97 -> 2570.782 | D97: =TRIB!D97 -> B | N97: =IF(FACADE!M97="","",FACADE!M97) | O97: =IF(FACADE!M97="","",FACADE!M97) | P97: =IF(FACADE!M97="","",FACADE!M97)
A98: =TRIB!A98 -> C97 | B98: =TRIB!B98 -> 748.97327 | C98: =TRIB!C98 -> 2583.782 | D98: =TRIB!D98 -> B | N98: =IF(FACADE!M98="","",FACADE!M98) | O98: =IF(FACADE!M98="","",FACADE!M98) | P98: =IF(FACADE!M98="","",FACADE!M98)
A99: =TRIB!A99 -> C98 | B99: =TRIB!B99 -> 749.8829 | C99: =TRIB!C99 -> 2601.782 | D99: =TRIB!D99 -> B | N99: =IF(FACADE!M99="","",FACADE!M99) | O99: =IF(FACADE!M99="","",FACADE!M99) | P99: =IF(FACADE!M99="","",FACADE!M99)
A100: =TRIB!A100 -> C99 | B100: =TRIB!B100 -> 749.8829 | C100: =TRIB!C100 -> 2628.7915 | D100: =TRIB!D100 -> B | N100: =IF(FACADE!M100="","",FACADE!M100) | O100: =IF(FACADE!M100="","",FACADE!M100) | P100: =IF(FACADE!M100="","",FACADE!M100)
...

Sheet ARCH
A1: Column | B1: x (ft) | C1: y (ft) | D1: Section | E1: ROOF | F1: 11 | G1: 10 | H1: 9 | I1: 8 | J1: 7 | K1: 6 | L1: 5 | M1: 4 | N1: 3 | O1: 2 | P1: 1 | R1: Column section the architect drew below each slab (from the Revit block name), and its gross area on sheet ARCH_AG.
A2: =TRIB!A2 -> C1 | B2: =TRIB!B2 -> 283.70052 | C2: =TRIB!C2 -> 569.16697 | D2: =TRIB!D2 -> A | E2: =IF(ARCH!F2="","",ARCH!F2) -> 14x36 | F2: 14x36 | G2: 14x36 | H2: 14x36 | I2: 14x36 | J2: 14x36 | K2: 14x36 | L2: 14x36 | M2: 14x36 | N2: =IF(ARCH!M2="","",ARCH!M2) -> 14x36 | O2: =IF(ARCH!M2="","",ARCH!M2) -> 14x36 | P2: =IF(ARCH!M2="","",ARCH!M2) -> 14x36
A3: =TRIB!A3 -> C2 | B3: =TRIB!B3 -> 283.56914 | C3: =TRIB!C3 -> 554.06436 | D3: =TRIB!D3 -> A | E3: =IF(ARCH!F3="","",ARCH!F3) | G3: d24 | H3: d24 | I3: d24 | J3: d24 | K3: d24 | L3: d24 | M3: d24 | N3: =IF(ARCH!M3="","",ARCH!M3) -> d24 | O3: =IF(ARCH!M3="","",ARCH!M3) -> d24 | P3: =IF(ARCH!M3="","",ARCH!M3) -> d24
A4: =TRIB!A4 -> C3 | B4: =TRIB!B4 -> 302.32736 | C4: =TRIB!C4 -> 538.83473 | D4: =TRIB!D4 -> A | E4: =IF(ARCH!F4="","",ARCH!F4) -> 14x36 | F4: 14x36 | G4: 14x36 | H4: 14x36 | I4: 14x36 | J4: 14x36 | K4: 14x36 | L4: 14x36 | M4: 14x36 | N4: =IF(ARCH!M4="","",ARCH!M4) -> 14x36 | O4: =IF(ARCH!M4="","",ARCH!M4) -> 14x36 | P4: =IF(ARCH!M4="","",ARCH!M4) -> 14x36
A5: =TRIB!A5 -> C4 | B5: =TRIB!B5 -> 301.5302 | C5: =TRIB!C5 -> 560.06227 | D5: =TRIB!D5 -> A | E5: =IF(ARCH!F5="","",ARCH!F5) -> 14x24 | F5: 14x24 | G5: 14x24 | H5: 14x24 | I5: 14x24 | J5: 14x24 | K5: 14x24 | L5: 14x24 | M5: 14x24 | N5: =IF(ARCH!M5="","",ARCH!M5) -> 14x24 | O5: =IF(ARCH!M5="","",ARCH!M5) -> 14x24 | P5: =IF(ARCH!M5="","",ARCH!M5) -> 14x24
A6: =TRIB!A6 -> C5 | B6: =TRIB!B6 -> 311.63942 | C6: =TRIB!C6 -> 569.16697 | D6: =TRIB!D6 -> A | E6: =IF(ARCH!F6="","",ARCH!F6) -> 14x24 | F6: 14x24 | G6: 14x24 | H6: 14x24 | I6: 14x24 | J6: 14x24 | K6: 14x24 | L6: 14x24 | M6: 14x24 | N6: =IF(ARCH!M6="","",ARCH!M6) -> 14x24 | O6: =IF(ARCH!M6="","",ARCH!M6) -> 14x24 | P6: =IF(ARCH!M6="","",ARCH!M6) -> 14x24
A7: =TRIB!A7 -> C6 | B7: =TRIB!B7 -> 313.93295 | C7: =TRIB!C7 -> 553.64886 | D7: =TRIB!D7 -> A | E7: =IF(ARCH!F7="","",ARCH!F7) -> 14x24 | F7: 14x24 | G7: 14x24 | H7: 14x24 | I7: 14x24 | J7: 14x24 | K7: 14x24 | L7: 14x24 | M7: 14x24 | N7: =IF(ARCH!M7="","",ARCH!M7) -> 14x24 | O7: =IF(ARCH!M7="","",ARCH!M7) -> 14x24 | P7: =IF(ARCH!M7="","",ARCH!M7) -> 14x24
A8: =TRIB!A8 -> C7 | B8: =TRIB!B8 -> 336.33509 | C8: =TRIB!C8 -> 514.66264 | D8: =TRIB!D8 -> A | E8: =IF(ARCH!F8="","",ARCH!F8) -> 14x36 | F8: 14x36 | G8: 14x36 | H8: 14x36 | I8: 14x36 | J8: 14x36 | K8: 14x36 | L8: 14x36 | M8: 14x36 | N8: =IF(ARCH!M8="","",ARCH!M8) -> 14x36 | O8: =IF(ARCH!M8="","",ARCH!M8) -> 14x36 | P8: =IF(ARCH!M8="","",ARCH!M8) -> 14x36
A9: =TRIB!A9 -> C8 | B9: =TRIB!B9 -> 346.65209 | C9: =TRIB!C9 -> 529.37224 | D9: =TRIB!D9 -> A | E9: =IF(ARCH!F9="","",ARCH!F9) -> 14x36 | F9: 14x36 | G9: 14x36 | H9: 14x36 | I9: 14x36 | J9: 14x36 | K9: 14x36 | L9: 14x36 | M9: 14x36 | N9: =IF(ARCH!M9="","",ARCH!M9) -> 14x36 | O9: =IF(ARCH!M9="","",ARCH!M9) -> 14x36 | P9: =IF(ARCH!M9="","",ARCH!M9) -> 14x36
A10: =TRIB!A10 -> C9 | B10: =TRIB!B10 -> 356.10812 | C10: =TRIB!C10 -> 546.09305 | D10: =TRIB!D10 -> A | E10: =IF(ARCH!F10="","",ARCH!F10) -> 14x36 | F10: 14x36 | G10: 14x36 | H10: 14x36 | I10: 14x36 | J10: 14x36 | K10: 14x36 | L10: 14x36 | M10: 14x36 | N10: =IF(ARCH!M10="","",ARCH!M10) -> 14x36 | O10: =IF(ARCH!M10="","",ARCH!M10) -> 14x36 | P10: =IF(ARCH!M10="","",ARCH!M10) -> 14x36
A11: =TRIB!A11 -> C10 | B11: =TRIB!B11 -> 357.42596 | C11: =TRIB!C11 -> 500.43849 | D11: =TRIB!D11 -> A | E11: =IF(ARCH!F11="","",ARCH!F11) -> 14x36 | F11: 14x36 | G11: 14x36 | H11: 14x36 | I11: 14x36 | J11: 14x36 | K11: 14x36 | L11: 14x36 | M11: 14x36 | N11: =IF(ARCH!M11="","",ARCH!M11) -> 14x36 | O11: =IF(ARCH!M11="","",ARCH!M11) -> 14x36 | P11: =IF(ARCH!M11="","",ARCH!M11) -> 14x36
A12: =TRIB!A12 -> C11 | B12: =TRIB!B12 -> 363.12676 | C12: =TRIB!C12 -> 569.16697 | D12: =TRIB!D12 -> A | E12: =IF(ARCH!F12="","",ARCH!F12) -> 14x24 | F12: 14x24 | G12: 14x24 | H12: 14x24 | I12: 14x24 | J12: 14x24 | K12: 14x24 | L12: 14x24 | M12: 14x24 | N12: =IF(ARCH!M12="","",ARCH!M12) -> 14x24 | O12: =IF(ARCH!M12="","",ARCH!M12) -> 14x24 | P12: =IF(ARCH!M12="","",ARCH!M12) -> 14x24
A13: =TRIB!A13 -> C12 | B13: =TRIB!B13 -> 366.75277 | C13: =TRIB!C13 -> 517.3193 | D13: =TRIB!D13 -> A | E13: =IF(ARCH!F13="","",ARCH!F13) -> 14x36 | F13: 14x36 | G13: 14x36 | H13: 14x36 | I13: 14x36 | J13: 14x36 | K13: 14x36 | L13: 14x36 | M13: 14x36 | N13: =IF(ARCH!M13="","",ARCH!M13) -> 14x36 | O13: =IF(ARCH!M13="","",ARCH!M13) -> 14x36 | P13: =IF(ARCH!M13="","",ARCH!M13) -> 14x36
A14: =TRIB!A14 -> C13 | B14: =TRIB!B14 -> 369.2073 | C14: =TRIB!C14 -> 565.39679 | D14: =TRIB!D14 -> A | E14: =IF(ARCH!F14="","",ARCH!F14) -> 14x36 | F14: 14x36 | G14: 14x36 | H14: 14x36 | I14: 14x36 | J14: 14x36 | K14: 14x36 | L14: 14x36 | M14: 14x36 | N14: =IF(ARCH!M14="","",ARCH!M14) -> 14x36 | O14: =IF(ARCH!M14="","",ARCH!M14) -> 14x36 | P14: =IF(ARCH!M14="","",ARCH!M14) -> 14x36
A15: =TRIB!A15 -> C14 | B15: =TRIB!B15 -> 379.78672 | C15: =TRIB!C15 -> 488.14041 | D15: =TRIB!D15 -> A | E15: =IF(ARCH!F15="","",ARCH!F15) -> 14x24 | F15: 14x24 | G15: 14x24 | H15: 14x24 | I15: 14x24 | J15: 14x24 | K15: 14x24 | L15: 14x24 | M15: 14x24 | N15: =IF(ARCH!M15="","",ARCH!M15) -> 14x24 | O15: =IF(ARCH!M15="","",ARCH!M15) -> 14x24 | P15: =IF(ARCH!M15="","",ARCH!M15) -> 14x24
... A34: =TRIB!A34 -> C33 | B34: =TRIB!B34 -> 489.06481 | C34: =TRIB!C34 -> 457.47643 | D34: =TRIB!D34 -> A | E34: =IF(ARCH!F34="","",ARCH!F34) -> 14x36 | F34: 14x36 | G34: 14x36 | H34: 14x36 | I34: 14x36 | J34: 14x36 | K34: 14x36 | L34: 14x36 | M34: 14x36 | N34: =IF(ARCH!M34="","",ARCH!M34) -> 14x36 | O34: =IF(ARCH!M34="","",ARCH!M34) -> 14x36 | P34: =IF(ARCH!M34="","",ARCH!M34) -> 14x36
A35: =TRIB!A35 -> C34 | B35: =TRIB!B35 -> 490.93072 | C35: =TRIB!C35 -> 476.67579 | D35: =TRIB!D35 -> A | E35: =IF(ARCH!F35="","",ARCH!F35) | G35: 14x36 | H35: 14x36 | I35: 14x36 | J35: 14x36 | K35: 14x36 | L35: 14x36 | M35: 14x36 | N35: =IF(ARCH!M35="","",ARCH!M35) -> 14x36 | O35: =IF(ARCH!M35="","",ARCH!M35) -> 14x36 | P35: =IF(ARCH!M35="","",ARCH!M35) -> 14x36
A36: =TRIB!A36 -> C35 | B36: =TRIB!B36 -> 496.47575 | C36: =TRIB!C36 -> 499.58672 | D36: =TRIB!D36 -> A | E36: =IF(ARCH!F36="","",ARCH!F36) -> 14x36 | F36: 14x36 | G36: 14x36 | H36: 14x36 | I36: 14x36 | J36: 14x36 | K36: 14x36 | L36: 14x36 | M36: 14x36 | N36: =IF(ARCH!M36="","",ARCH!M36) -> 14x36 | O36: =IF(ARCH!M36="","",ARCH!M36) -> 14x36 | P36: =IF(ARCH!M36="","",ARCH!M36) -> 14x36
A37: =TRIB!A37 -> C36 | B37: =TRIB!B37 -> 498.8676 | C37: =TRIB!C37 -> 523.1991 | D37: =TRIB!D37 -> A | E37: =IF(ARCH!F37="","",ARCH!F37) -> 14x36 | F37: 14x36 | G37: 14x36 | H37: 14x36 | I37: 14x36 | J37: 14x36 | K37: 14x36 | L37: 14x36 | M37: 14x36 | N37: =IF(ARCH!M37="","",ARCH!M37) -> 14x36 | O37: =IF(ARCH!M37="","",ARCH!M37) -> 14x36 | P37: =IF(ARCH!M37="","",ARCH!M37) -> 14x36
A38: =TRIB!A38 -> C37 | B38: =TRIB!B38 -> 501.10001 | C38: =TRIB!C38 -> 455.78498 | D38: =TRIB!D38 -> A | E38: =IF(ARCH!F38="","",ARCH!F38) -> 14x24 | F38: 14x24 | G38: 14x24 | H38: 14x24 | I38: 14x24 | J38: 14x24 | K38: 14x24 | L38: 14x24 | M38: 14x24 | N38: =IF(ARCH!M38="","",ARCH!M38) -> 14x24 | O38: =IF(ARCH!M38="","",ARCH!M38) -> 14x24 | P38: =IF(ARCH!M38="","",ARCH!M38) -> 14x24
A39: =TRIB!A39 -> C38 | B39: =TRIB!B39 -> 501.9128 | C39: =TRIB!C39 -> 469.05969 | D39: =TRIB!D39 -> A | E39: =IF(ARCH!F39="","",ARCH!F39) -> 14x24 | F39: 14x24 | G39: 14x24 | H39: 14x24 | I39: 14x24 | J39: 14x24 | K39: 14x24 | L39: 14x24 | M39: 14x24 | N39: =IF(ARCH!M39="","",ARCH!M39) -> 14x24 | O39: =IF(ARCH!M39="","",ARCH!M39) -> 14x24 | P39: =IF(ARCH!M39="","",ARCH!M39) -> 14x24
A40: =TRIB!A40 -> C39 | B40: =TRIB!B40 -> 512.94598 | C40: =TRIB!C40 -> 551.27331 | D40: =TRIB!D40 -> A | E40: =IF(ARCH!F40="","",ARCH!F40) -> 14x36 | F40: 14x36 | G40: 14x36 | H40: 14x36 | I40: 14x36 | J40: 14x36 | K40: 14x36 | L40: 14x36 | M40: 14x36 | N40: =IF(ARCH!M40="","",ARCH!M40) -> 14x36 | O40: =IF(ARCH!M40="","",ARCH!M40) -> 14x36 | P40: =IF(ARCH!M40="","",ARCH!M40) -> 14x36
A41: =TRIB!A41 -> C40 | B41: =TRIB!B41 -> 512.94598 | C41: =TRIB!C41 -> 565.46534 | D41: =TRIB!D41 -> A | E41: =IF(ARCH!F41="","",ARCH!F41) -> 14x36 | F41: 14x36 | G41: 14x36 | H41: 14x36 | I41: 14x36 | J41: 14x36 | K41: 14x36 | L41: 14x36 | M41: 14x36 | N41: =IF(ARCH!M41="","",ARCH!M41) -> 14x36 | O41: =IF(ARCH!M41="","",ARCH!M41) -> 14x36 | P41: =IF(ARCH!M41="","",ARCH!M41) -> 14x36
A42: =TRIB!A42 -> C41 | B42: =TRIB!B42 -> 517.14167 | C42: =TRIB!C42 -> 521.43199 | D42: =TRIB!D42 -> A | E42: =IF(ARCH!F42="","",ARCH!F42) -> 14x24 | F42: 14x24 | G42: 14x24 | H42: 14x24 | I42: 14x24 | J42: 14x24 | K42: 14x24 | L42: 14x24 | M42: 14x24 | N42: =IF(ARCH!M42="","",ARCH!M42) -> 14x24 | O42: =IF(ARCH!M42="","",ARCH!M42) -> 14x24 | P42: =IF(ARCH!M42="","",ARCH!M42) -> 14x24
A43: =TRIB!A43 -> C42 | B43: =TRIB!B43 -> 519.92514 | C43: =TRIB!C43 -> 534.54987 | D43: =TRIB!D43 -> A | E43: =IF(ARCH!F43="","",ARCH!F43) -> 14x36 | F43: 14x36 | G43: 14x36 | H43: 14x36 | I43: 14x36 | J43: 14x36 | K43: 14x36 | L43: 14x36 | M43: 14x36 | N43: =IF(ARCH!M43="","",ARCH!M43) -> 14x36 | O43: =IF(ARCH!M43="","",ARCH!M43) -> 14x36 | P43: =IF(ARCH!M43="","",ARCH!M43) -> 14x36
A44: =TRIB!A44 -> C43 | B44: =TRIB!B44 -> 522.70392 | C44: =TRIB!C44 -> 491.49682 | D44: =TRIB!D44 -> A | E44: =IF(ARCH!F44="","",ARCH!F44) -> 14x24 | F44: 14x24 | G44: 14x24 | H44: 14x24 | I44: 14x24 | J44: 14x24 | K44: 14x24 | L44: 14x24 | M44: 14x24 | N44: =IF(ARCH!M44="","",ARCH!M44) -> 14x24 | O44: =IF(ARCH!M44="","",ARCH!M44) -> 14x24 | P44: =IF(ARCH!M44="","",ARCH!M44) -> 14x24
A45: =TRIB!A45 -> C44 | B45: =TRIB!B45 -> 525.78725 | C45: =TRIB!C45 -> 512.24073 | D45: =TRIB!D45 -> A | E45: =IF(ARCH!F45="","",ARCH!F45) -> 14x24 | F45: 14x24 | G45: 14x24 | H45: 14x24 | I45: 14x24 | J45: 14x24 | K45: 14x24 | L45: 14x24 | M45: 14x24 | N45: =IF(ARCH!M45="","",ARCH!M45) -> 14x24 | O45: =IF(ARCH!M45="","",ARCH!M45) -> 14x24 | P45: =IF(ARCH!M45="","",ARCH!M45) -> 14x24
A46: =TRIB!A46 -> C45 | B46: =TRIB!B46 -> 526.59666 | C46: =TRIB!C46 -> 452.93692 | D46: =TRIB!D46 -> A | E46: =IF(ARCH!F46="","",ARCH!F46) -> 14x36 | F46: 14x36 | G46: 14x36 | H46: 14x36 | I46: 14x36 | J46: 14x36 | K46: 14x36 | L46: 14x36 | M46: 14x36 | N46: =IF(ARCH!M46="","",ARCH!M46) -> 14x36 | O46: =IF(ARCH!M46="","",ARCH!M46) -> 14x36 | P46: =IF(ARCH!M46="","",ARCH!M46) -> 14x36
A47: =TRIB!A47 -> C46 | B47: =TRIB!B47 -> 526.59666 | C47: =TRIB!C47 -> 468.19646 | D47: =TRIB!D47 -> A | E47: =IF(ARCH!F47="","",ARCH!F47) -> 14x36 | F47: 14x36 | G47: 14x36 | H47: 14x36 | I47: 14x36 | J47: 14x36 | K47: 14x36 | L47: 14x36 | M47: 14x36 | N47: =IF(ARCH!M47="","",ARCH!M47) -> 14x36 | O47: =IF(ARCH!M47="","",ARCH!M47) -> 14x36 | P47: =IF(ARCH!M47="","",ARCH!M47) -> 14x36
... A63: =TRIB!A63 -> C62 | B63: =TRIB!B63 -> 634.92099 | C63: =TRIB!C63 -> 452.93692 | D63: =TRIB!D63 -> B | E63: =IF(ARCH!F63="","",ARCH!F63) -> 14x36 | F63: 14x36 | G63: 14x36 | H63: 14x36 | I63: 14x36 | J63: 14x36 | K63: 14x36 | L63: 14x36 | M63: 14x36 | N63: =IF(ARCH!M63="","",ARCH!M63) -> 14x36 | O63: =IF(ARCH!M63="","",ARCH!M63) -> 14x36 | P63: =IF(ARCH!M63="","",ARCH!M63) -> 14x36
A64: =TRIB!A64 -> C63 | B64: =TRIB!B64 -> 582.98187 | C64: =TRIB!C64 -> 1885.9394 | D64: =TRIB!D64 -> B | E64: =IF(ARCH!F64="","",ARCH!F64) -> 14x36 | F64: 14x36 | G64: 14x36 | H64: 14x36 | I64: 14x36 | J64: 14x36 | N64: =IF(ARCH!M64="","",ARCH!M64) | O64: =IF(ARCH!M64="","",ARCH!M64) | P64: =IF(ARCH!M64="","",ARCH!M64)
A65: =TRIB!A65 -> C64 | B65: =TRIB!B65 -> 582.98187 | C65: =TRIB!C65 -> 1919.106 | D65: =TRIB!D65 -> B | E65: =IF(ARCH!F65="","",ARCH!F65) -> 14x36 | F65: 14x36 | G65: 14x36 | H65: 14x36 | I65: 14x36 | J65: 14x36 | N65: =IF(ARCH!M65="","",ARCH!M65) | O65: =IF(ARCH!M65="","",ARCH!M65) | P65: =IF(ARCH!M65="","",ARCH!M65)
A66: =TRIB!A66 -> C65 | B66: =TRIB!B66 -> 582.98187 | C66: =TRIB!C66 -> 1945.7727 | D66: =TRIB!D66 -> B | E66: =IF(ARCH!F66="","",ARCH!F66) -> 14x36 | F66: 14x36 | G66: 14x36 | H66: 14x36 | I66: 14x36 | J66: 14x36 | N66: =IF(ARCH!M66="","",ARCH!M66) | O66: =IF(ARCH!M66="","",ARCH!M66) | P66: =IF(ARCH!M66="","",ARCH!M66)
A67: =TRIB!A67 -> C66 | B67: =TRIB!B67 -> 586.05464 | C67: =TRIB!C67 -> 1860.7733 | D67: =TRIB!D67 -> B | E67: =IF(ARCH!F67="","",ARCH!F67) -> 14x36 | F67: 14x36 | G67: 14x36 | H67: 14x36 | I67: 14x36 | J67: 14x36 | N67: =IF(ARCH!M67="","",ARCH!M67) | O67: =IF(ARCH!M67="","",ARCH!M67) | P67: =IF(ARCH!M67="","",ARCH!M67)
A68: =TRIB!A68 -> C67 | B68: =TRIB!B68 -> 608.2213 | C68: =TRIB!C68 -> 1888.782 | D68: =TRIB!D68 -> B | E68: =IF(ARCH!F68="","",ARCH!F68) -> 14x36 | F68: 14x36 | G68: 14x36 | H68: 14x36 | I68: 14x36 | J68: 14x36 | N68: =IF(ARCH!M68="","",ARCH!M68) | O68: =IF(ARCH!M68="","",ARCH!M68) | P68: =IF(ARCH!M68="","",ARCH!M68)
A69: =TRIB!A69 -> C68 | B69: =TRIB!B69 -> 608.2213 | C69: =TRIB!C69 -> 1919.782 | D69: =TRIB!D69 -> B | E69: =IF(ARCH!F69="","",ARCH!F69) -> 14x36 | F69: 14x36 | G69: 14x36 | H69: 14x36 | I69: 14x36 | J69: 14x36 | N69: =IF(ARCH!M69="","",ARCH!M69) | O69: =IF(ARCH!M69="","",ARCH!M69) | P69: =IF(ARCH!M69="","",ARCH!M69)
A70: =TRIB!A70 -> C69 | B70: =TRIB!B70 -> 608.2213 | C70: =TRIB!C70 -> 1946.9477 | D70: =TRIB!D70 -> B | E70: =IF(ARCH!F70="","",ARCH!F70) -> 14x36 | F70: 14x36 | G70: 14x36 | H70: 14x36 | I70: 14x36 | J70: 14x36 | N70: =IF(ARCH!M70="","",ARCH!M70) | O70: =IF(ARCH!M70="","",ARCH!M70) | P70: =IF(ARCH!M70="","",ARCH!M70)
A71: =TRIB!A71 -> C70 | B71: =TRIB!B71 -> 612.7213 | C71: =TRIB!C71 -> 1860.7733 | D71: =TRIB!D71 -> B | E71: =IF(ARCH!F71="","",ARCH!F71) -> 14x36 | F71: 14x36 | G71: 14x36 | H71: 14x36 | I71: 14x36 | J71: 14x36 | N71: =IF(ARCH!M71="","",ARCH!M71) | O71: =IF(ARCH!M71="","",ARCH!M71) | P71: =IF(ARCH!M71="","",ARCH!M71)
A72: =TRIB!A72 -> C71 | B72: =TRIB!B72 -> 634.88797 | C72: =TRIB!C72 -> 1860.7733 | D72: =TRIB!D72 -> B | E72: =IF(ARCH!F72="","",ARCH!F72) -> 14x36 | F72: 14x36 | G72: 14x36 | H72: 14x36 | I72: 14x36 | J72: 14x36 | N72: =IF(ARCH!M72="","",ARCH!M72) | O72: =IF(ARCH!M72="","",ARCH!M72) | P72: =IF(ARCH!M72="","",ARCH!M72)
A73: =TRIB!A73 -> C72 | B73: =TRIB!B73 -> 634.88797 | C73: =TRIB!C73 -> 1888.782 | D73: =TRIB!D73 -> B | E73: =IF(ARCH!F73="","",ARCH!F73) -> 14x36 | F73: 14x36 | G73: 14x36 | H73: 14x36 | I73: 14x36 | J73: 14x36 | N73: =IF(ARCH!M73="","",ARCH!M73) | O73: =IF(ARCH!M73="","",ARCH!M73) | P73: =IF(ARCH!M73="","",ARCH!M73)
A74: =TRIB!A74 -> C73 | B74: =TRIB!B74 -> 634.88797 | C74: =TRIB!C74 -> 1919.782 | D74: =TRIB!D74 -> B | E74: =IF(ARCH!F74="","",ARCH!F74) -> 14x36 | F74: 14x36 | G74: 14x36 | H74: 14x36 | I74: 14x36 | J74: 14x36 | N74: =IF(ARCH!M74="","",ARCH!M74) | O74: =IF(ARCH!M74="","",ARCH!M74) | P74: =IF(ARCH!M74="","",ARCH!M74)
A75: =TRIB!A75 -> C74 | B75: =TRIB!B75 -> 634.88797 | C75: =TRIB!C75 -> 1946.7915 | D75: =TRIB!D75 -> B | E75: =IF(ARCH!F75="","",ARCH!F75) -> 14x36 | F75: 14x36 | G75: 14x36 | H75: 14x36 | I75: 14x36 | J75: 14x36 | N75: =IF(ARCH!M75="","",ARCH!M75) | O75: =IF(ARCH!M75="","",ARCH!M75) | P75: =IF(ARCH!M75="","",ARCH!M75)
... A86: =TRIB!A86 -> C85 | B86: =TRIB!B86 -> 689.0208 | C86: =TRIB!C86 -> 1901.782 | D86: =TRIB!D86 -> B | E86: =IF(ARCH!F86="","",ARCH!F86) -> 14x36 | F86: 14x36 | G86: 14x36 | H86: 14x36 | I86: 14x36 | J86: 14x36 | N86: =IF(ARCH!M86="","",ARCH!M86) | O86: =IF(ARCH!M86="","",ARCH!M86) | P86: =IF(ARCH!M86="","",ARCH!M86)
A87: =TRIB!A87 -> C86 | B87: =TRIB!B87 -> 688.10414 | C87: =TRIB!C87 -> 3283.782 | D87: =TRIB!D87 -> B | E87: =IF(ARCH!F87="","",ARCH!F87) -> 14x36 | F87: 14x36 | G87: 14x36 | H87: 14x36 | N87: =IF(ARCH!M87="","",ARCH!M87) | O87: =IF(ARCH!M87="","",ARCH!M87) | P87: =IF(ARCH!M87="","",ARCH!M87)
A88: =TRIB!A88 -> C87 | B88: =TRIB!B88 -> 688.10414 | C88: =TRIB!C88 -> 3310.7915 | D88: =TRIB!D88 -> B | E88: =IF(ARCH!F88="","",ARCH!F88) -> 14x36 | F88: 14x36 | G88: 14x36 | H88: 14x36 | N88: =IF(ARCH!M88="","",ARCH!M88) | O88: =IF(ARCH!M88="","",ARCH!M88) | P88: =IF(ARCH!M88="","",ARCH!M88)
A89: =TRIB!A89 -> C88 | B89: =TRIB!B89 -> 696.55042 | C89: =TRIB!C89 -> 1816.9369 | D89: =TRIB!D89 -> B | E89: =IF(ARCH!F89="","",ARCH!F89) -> 14x36 | F89: 14x36 | G89: 14x36 | H89: 14x36 | I89: 14x36 | J89: 14x36 | N89: =IF(ARCH!M89="","",ARCH!M89) | O89: =IF(ARCH!M89="","",ARCH!M89) | P89: =IF(ARCH!M89="","",ARCH!M89)
A90: =TRIB!A90 -> C89 | B90: =TRIB!B90 -> 707.71697 | C90: =TRIB!C90 -> 1901.782 | D90: =TRIB!D90 -> B | E90: =IF(ARCH!F90="","",ARCH!F90) -> 14x36 | F90: 14x36 | G90: 14x36 | H90: 14x36 | I90: 14x36 | J90: 14x36 | N90: =IF(ARCH!M90="","",ARCH!M90) | O90: =IF(ARCH!M90="","",ARCH!M90) | P90: =IF(ARCH!M90="","",ARCH!M90)
A91: =TRIB!A91 -> C90 | B91: =TRIB!B91 -> 714.74352 | C91: =TRIB!C91 -> 1888.782 | D91: =TRIB!D91 -> B | E91: =IF(ARCH!F91="","",ARCH!F91) -> 14x36 | F91: 14x36 | G91: 14x36 | H91: 14x36 | I91: 14x36 | J91: 14x36 | N91: =IF(ARCH!M91="","",ARCH!M91) | O91: =IF(ARCH!M91="","",ARCH!M91) | P91: =IF(ARCH!M91="","",ARCH!M91)
A92: =TRIB!A92 -> C91 | B92: =TRIB!B92 -> 714.74352 | C92: =TRIB!C92 -> 2601.782 | D92: =TRIB!D92 -> B | E92: =IF(ARCH!F92="","",ARCH!F92) -> 14x36 | F92: 14x36 | G92: 14x36 | H92: 14x36 | I92: 14x36 | N92: =IF(ARCH!M92="","",ARCH!M92) | O92: =IF(ARCH!M92="","",ARCH!M92) | P92: =IF(ARCH!M92="","",ARCH!M92)
A93: =TRIB!A93 -> C92 | B93: =TRIB!B93 -> 714.74352 | C93: =TRIB!C93 -> 2628.7915 | D93: =TRIB!D93 -> B | E93: =IF(ARCH!F93="","",ARCH!F93) -> 14x36 | F93: 14x36 | G93: 14x36 | H93: 14x36 | I93: 14x36 | N93: =IF(ARCH!M93="","",ARCH!M93) | O93: =IF(ARCH!M93="","",ARCH!M93) | P93: =IF(ARCH!M93="","",ARCH!M93)
A94: =TRIB!A94 -> C93 | B94: =TRIB!B94 -> 715.31497 | C94: =TRIB!C94 -> 1860.7733 | D94: =TRIB!D94 -> B | E94: =IF(ARCH!F94="","",ARCH!F94) -> 14x36 | F94: 14x36 | G94: 14x36 | H94: 14x36 | I94: 14x36 | J94: 14x36 | N94: =IF(ARCH!M94="","",ARCH!M94) | O94: =IF(ARCH!M94="","",ARCH!M94) | P94: =IF(ARCH!M94="","",ARCH!M94)
A95: =TRIB!A95 -> C94 | B95: =TRIB!B95 -> 719.46696 | C95: =TRIB!C95 -> 1816.9369 | D95: =TRIB!D95 -> B | E95: =IF(ARCH!F95="","",ARCH!F95) -> 14x36 | F95: 14x36 | G95: 14x36 | H95: 14x36 | I95: 14x36 | J95: 14x36 | N95: =IF(ARCH!M95="","",ARCH!M95) | O95: =IF(ARCH!M95="","",ARCH!M95) | P95: =IF(ARCH!M95="","",ARCH!M95)
A96: =TRIB!A96 -> C95 | B96: =TRIB!B96 -> 747.84096 | C96: =TRIB!C96 -> 2542.7733 | D96: =TRIB!D96 -> B | E96: =IF(ARCH!F96="","",ARCH!F96) -> 14x36 | F96: 14x36 | G96: 14x36 | H96: 14x36 | I96: 14x36 | N96: =IF(ARCH!M96="","",ARCH!M96) | O96: =IF(ARCH!M96="","",ARCH!M96) | P96: =IF(ARCH!M96="","",ARCH!M96)
A97: =TRIB!A97 -> C96 | B97: =TRIB!B97 -> 747.91019 | C97: =TRIB!C97 -> 2570.782 | D97: =TRIB!D97 -> B | E97: =IF(ARCH!F97="","",ARCH!F97) -> 14x36 | F97: 14x36 | G97: 14x36 | H97: 14x36 | I97: 14x36 | N97: =IF(ARCH!M97="","",ARCH!M97) | O97: =IF(ARCH!M97="","",ARCH!M97) | P97: =IF(ARCH!M97="","",ARCH!M97)
A98: =TRIB!A98 -> C97 | B98: =TRIB!B98 -> 748.97327 | C98: =TRIB!C98 -> 2583.782 | D98: =TRIB!D98 -> B | E98: =IF(ARCH!F98="","",ARCH!F98) -> 14x36 | F98: 14x36 | G98: 14x36 | H98: 14x36 | I98: 14x36 | N98: =IF(ARCH!M98="","",ARCH!M98) | O98: =IF(ARCH!M98="","",ARCH!M98) | P98: =IF(ARCH!M98="","",ARCH!M98)
A99: =TRIB!A99 -> C98 | B99: =TRIB!B99 -> 749.8829 | C99: =TRIB!C99 -> 2601.782 | D99: =TRIB!D99 -> B | E99: =IF(ARCH!F99="","",ARCH!F99) -> 14x36 | F99: 14x36 | G99: 14x36 | H99: 14x36 | I99: 14x36 | N99: =IF(ARCH!M99="","",ARCH!M99) | O99: =IF(ARCH!M99="","",ARCH!M99) | P99: =IF(ARCH!M99="","",ARCH!M99)
A100: =TRIB!A100 -> C99 | B100: =TRIB!B100 -> 749.8829 | C100: =TRIB!C100 -> 2628.7915 | D100: =TRIB!D100 -> B | E100: =IF(ARCH!F100="","",ARCH!F100) -> 14x36 | F100: 14x36 | G100: 14x36 | H100: 14x36 | I100: 14x36 | N100: =IF(ARCH!M100="","",ARCH!M100) | O100: =IF(ARCH!M100="","",ARCH!M100) | P100: =IF(ARCH!M100="","",ARCH!M100)
A101: =TRIB!A101 -> C100 | B101: =TRIB!B101 -> 753.68786 | C101: =TRIB!C101 -> 1816.9369 | D101: =TRIB!D101 -> B | E101: =IF(ARCH!F101="","",ARCH!F101) -> 14x36 | F101: 14x36 | G101: 14x36 | H101: 14x36 | I101: 14x36 | J101: 14x36 | N101: =IF(ARCH!M101="","",ARCH!M101) | O101: =IF(ARCH!M101="","",ARCH!M101) | P101: =IF(ARCH!M101="","",ARCH!M101)
A102: =TRIB!A102 -> C101 | B102: =TRIB!B102 -> 766.00763 | C102: =TRIB!C102 -> 2542.7733 | D102: =TRIB!D102 -> B | E102: =IF(ARCH!F102="","",ARCH!F102) -> 14x36 | F102: 14x36 | G102: 14x36 | H102: 14x36 | I102: 14x36 | N102: =IF(ARCH!M102="","",ARCH!M102) | O102: =IF(ARCH!M102="","",ARCH!M102) | P102: =IF(ARCH!M102="","",ARCH!M102)
A103: =TRIB!A103 -> C102 | B103: =TRIB!B103 -> 773.33917 | C103: =TRIB!C103 -> 2562.6631 | D103: =TRIB!D103 -> B | E103: =IF(ARCH!F103="","",ARCH!F103) -> 14x36 | F103: 14x36 | G103: 14x36 | H103: 14x36 | I103: 14x36 | N103: =IF(ARCH!M103="","",ARCH!M103) | O103: =IF(ARCH!M103="","",ARCH!M103) | P103: =IF(ARCH!M103="","",ARCH!M103)
A104: =TRIB!A104 -> C103 | B104: =TRIB!B104 -> 776.63993 | C104: =TRIB!C104 -> 2628.7915 | D104: =TRIB!D104 -> B | E104: =IF(ARCH!F104="","",ARCH!F104) -> 14x36 | F104: 14x36 | G104: 14x36 | H104: 14x36 | I104: 14x36 | N104: =IF(ARCH!M104="","",ARCH!M104) | O104: =IF(ARCH!M104="","",ARCH!M104) | P104: =IF(ARCH!M104="","",ARCH!M104)
A105: =TRIB!A105 -> C104 | B105: =TRIB!B105 -> 780.67036 | C105: =TRIB!C105 -> 2588.3022 | D105: =TRIB!D105 -> B | E105: =IF(ARCH!F105="","",ARCH!F105) -> 14x36 | F105: 14x36 | G105: 14x36 | H105: 14x36 | I105: 14x36 | N105: =IF(ARCH!M105="","",ARCH!M105) | O105: =IF(ARCH!M105="","",ARCH!M105) | P105: =IF(ARCH!M105="","",ARCH!M105)
A106: =TRIB!A106 -> C105 | B106: =TRIB!B106 -> 783.9464 | C106: =TRIB!C106 -> 2607.4496 | D106: =TRIB!D106 -> B | E106: =IF(ARCH!F106="","",ARCH!F106) -> 14x36 | F106: 14x36 | G106: 14x36 | H106: 14x36 | I106: 14x36 | N106: =IF(ARCH!M106="","",ARCH!M106) | O106: =IF(ARCH!M106="","",ARCH!M106) | P106: =IF(ARCH!M106="","",ARCH!M106)
A107: =TRIB!A107 -> C106 | B107: =TRIB!B107 -> 731.00698 | C107: =TRIB!C107 -> 2498.9369 | D107: =TRIB!D107 -> B | E107: =IF(ARCH!F107="","",ARCH!F107) -> 14x36 | F107: 14x36 | G107: 14x36 | H107: 14x36 | I107: 14x36 | N107: =IF(ARCH!M107="","",ARCH!M107) | O107: =IF(ARCH!M107="","",ARCH!M107) | P107: =IF(ARCH!M107="","",ARCH!M107)
A108: =TRIB!A108 -> C107 | B108: =TRIB!B108 -> 767.01583 | C108: =TRIB!C108 -> 2498.9369 | D108: =TRIB!D108 -> B | E108: =IF(ARCH!F108="","",ARCH!F108) -> 14x36 | F108: 14x36 | G108: 14x36 | H108: 14x36 | I108: 14x36 | N108: =IF(ARCH!M108="","",ARCH!M108) | O108: =IF(ARCH!M108="","",ARCH!M108) | P108: =IF(ARCH!M108="","",ARCH!M108)
A109: =TRIB!A109 -> C108 | B109: =TRIB!B109 -> 767.01583 | C109: =TRIB!C109 -> 2524.4706 | D109: =TRIB!D109 -> B | E109: =IF(ARCH!F109="","",ARCH!F109) -> 14x36 | F109: 14x36 | G109: 14x36 | H109: 14x36 | I109: 14x36 | N109: =IF(ARCH!M109="","",ARCH!M109) | O109: =IF(ARCH!M109="","",ARCH!M109) | P109: =IF(ARCH!M109="","",ARCH!M109)
A110: =TRIB!A110 -> C109 | B110: =TRIB!B110 -> 549.95357 | C110: =TRIB!C110 -> 4005.7096 | D110: =TRIB!D110 -> B | E110: =IF(ARCH!F110="","",ARCH!F110) -> 14x36 | F110: 14x36 | G110: 14x36 | N110: =IF(ARCH!M110="","",ARCH!M110) | O110: =IF(ARCH!M110="","",ARCH!M110) | P110: =IF(ARCH!M110="","",ARCH!M110)
A111: =TRIB!A111 -> C110 | B111: =TRIB!B111 -> 564.67979 | C111: =TRIB!C111 -> 4005.7096 | D111: =TRIB!D111 -> B | E111: =IF(ARCH!F111="","",ARCH!F111) -> 14x36 | F111: 14x36 | G111: 14x36 | N111: =IF(ARCH!M111="","",ARCH!M111) | O111: =IF(ARCH!M111="","",ARCH!M111) | P111: =IF(ARCH!M111="","",ARCH!M111)
A112: =TRIB!A112 -> C111 | B112: =TRIB!B112 -> 466.80147 | C112: =TRIB!C112 -> 4568.7109 | D112: =TRIB!D112 -> A | E112: =IF(ARCH!F112="","",ARCH!F112) -> 14x36 | F112: 14x36 | N112: =IF(ARCH!M112="","",ARCH!M112) | O112: =IF(ARCH!M112="","",ARCH!M112) | P112: =IF(ARCH!M112="","",ARCH!M112)
A113: =TRIB!A113 -> C112 | B113: =TRIB!B113 -> 491.4835 | C113: =TRIB!C113 -> 4567.4193 | D113: =TRIB!D113 -> A | E113: =IF(ARCH!F113="","",ARCH!F113) -> 22x38 | F113: 22x38 | N113: =IF(ARCH!M113="","",ARCH!M113) | O113: =IF(ARCH!M113="","",ARCH!M113) | P113: =IF(ARCH!M113="","",ARCH!M113)
A114: =TRIB!A114 -> C113 | B114: =TRIB!B114 -> 586.05464 | C114: =TRIB!C114 -> 4571.69 | D114: =TRIB!D114 -> B | E114: =IF(ARCH!F114="","",ARCH!F114) -> 14x36 | F114: 14x36 | N114: =IF(ARCH!M114="","",ARCH!M114) | O114: =IF(ARCH!M114="","",ARCH!M114) | P114: =IF(ARCH!M114="","",ARCH!M114)
A115: =TRIB!A115 -> C114 | B115: =TRIB!B115 -> 612.7213 | C115: =TRIB!C115 -> 4571.69 | D115: =TRIB!D115 -> B | E115: =IF(ARCH!F115="","",ARCH!F115) -> 14x36 | F115: 14x36 | N115: =IF(ARCH!M115="","",ARCH!M115) | O115: =IF(ARCH!M115="","",ARCH!M115) | P115: =IF(ARCH!M115="","",ARCH!M115)
A116: =TRIB!A116 -> C115 | B116: =TRIB!B116 -> 634.88797 | C116: =TRIB!C116 -> 4571.69 | D116: =TRIB!D116 -> B | E116: =IF(ARCH!F116="","",ARCH!F116) -> 14x36 | F116: 14x36 | N116: =IF(ARCH!M116="","",ARCH!M116) | O116: =IF(ARCH!M116="","",ARCH!M116) | P116: =IF(ARCH!M116="","",ARCH!M116)
A117: =TRIB!A117 -> C116 | B117: =TRIB!B117 -> 670.29421 | C117: =TRIB!C117 -> 4570.7733 | D117: =TRIB!D117 -> B | E117: =IF(ARCH!F117="","",ARCH!F117) -> 14x36 | F117: 14x36 | N117: =IF(ARCH!M117="","",ARCH!M117) | O117: =IF(ARCH!M117="","",ARCH!M117) | P117: =IF(ARCH!M117="","",ARCH!M117)
A118: =TRIB!A118 -> C117 | B118: =TRIB!B118 -> 707.38119 | C118: =TRIB!C118 -> 4570.7733 | D118: =TRIB!D118 -> B | E118: =IF(ARCH!F118="","",ARCH!F118) -> 14x36 | F118: 14x36 | N118: =IF(ARCH!M118="","",ARCH!M118) | O118: =IF(ARCH!M118="","",ARCH!M118) | P118: =IF(ARCH!M118="","",ARCH!M118)
A119: =TRIB!A119 -> 7_UNLABELED_100 | B119: =TRIB!B119 -> 0 | C119: =TRIB!C119 -> 0 | D119: =TRIB!D119 -> A | E119: =IF(ARCH!F119="","",ARCH!F119) | J119: 14x36 | N119: =IF(ARCH!M119="","",ARCH!M119) | O119: =IF(ARCH!M119="","",ARCH!M119) | P119: =IF(ARCH!M119="","",ARCH!M119)
A120: =TRIB!A120 -> 7_UNLABELED_101 | B120: =TRIB!B120 -> 0 | C120: =TRIB!C120 -> 0 | D120: =TRIB!D120 -> A | E120: =IF(ARCH!F120="","",ARCH!F120) | J120: 14x36 | N120: =IF(ARCH!M120="","",ARCH!M120) | O120: =IF(ARCH!M120="","",ARCH!M120) | P120: =IF(ARCH!M120="","",ARCH!M120)
A121: =TRIB!A121 -> 7_UNLABELED_102 | B121: =TRIB!B121 -> 0 | C121: =TRIB!C121 -> 0 | D121: =TRIB!D121 -> A | E121: =IF(ARCH!F121="","",ARCH!F121) | J121: 14x36 | N121: =IF(ARCH!M121="","",ARCH!M121) | O121: =IF(ARCH!M121="","",ARCH!M121) | P121: =IF(ARCH!M121="","",ARCH!M121)
A122: =TRIB!A122 -> 7_UNLABELED_103 | B122: =TRIB!B122 -> 0 | C122: =TRIB!C122 -> 0 | D122: =TRIB!D122 -> A | E122: =IF(ARCH!F122="","",ARCH!F122) | J122: 14x36 | N122: =IF(ARCH!M122="","",ARCH!M122) | O122: =IF(ARCH!M122="","",ARCH!M122) | P122: =IF(ARCH!M122="","",ARCH!M122)
A123: =TRIB!A123 -> 7_UNLABELED_90 | B123: =TRIB!B123 -> 0 | C123: =TRIB!C123 -> 0 | D123: =TRIB!D123 -> A | E123: =IF(ARCH!F123="","",ARCH!F123) | J123: 14x36 | N123: =IF(ARCH!M123="","",ARCH!M123) | O123: =IF(ARCH!M123="","",ARCH!M123) | P123: =IF(ARCH!M123="","",ARCH!M123)
A124: =TRIB!A124 -> 7_UNLABELED_91 | B124: =TRIB!B124 -> 0 | C124: =TRIB!C124 -> 0 | D124: =TRIB!D124 -> A | E124: =IF(ARCH!F124="","",ARCH!F124) | J124: 14x36 | N124: =IF(ARCH!M124="","",ARCH!M124) | O124: =IF(ARCH!M124="","",ARCH!M124) | P124: =IF(ARCH!M124="","",ARCH!M124)
A125: =TRIB!A125 -> 7_UNLABELED_92 | B125: =TRIB!B125 -> 0 | C125: =TRIB!C125 -> 0 | D125: =TRIB!D125 -> A | E125: =IF(ARCH!F125="","",ARCH!F125) | J125: 14x36 | N125: =IF(ARCH!M125="","",ARCH!M125) | O125: =IF(ARCH!M125="","",ARCH!M125) | P125: =IF(ARCH!M125="","",ARCH!M125)
A126: =TRIB!A126 -> 7_UNLABELED_93 | B126: =TRIB!B126 -> 0 | C126: =TRIB!C126 -> 0 | D126: =TRIB!D126 -> A | E126: =IF(ARCH!F126="","",ARCH!F126) | J126: 14x36 | N126: =IF(ARCH!M126="","",ARCH!M126) | O126: =IF(ARCH!M126="","",ARCH!M126) | P126: =IF(ARCH!M126="","",ARCH!M126)
A127: =TRIB!A127 -> 7_UNLABELED_94 | B127: =TRIB!B127 -> 0 | C127: =TRIB!C127 -> 0 | D127: =TRIB!D127 -> A | E127: =IF(ARCH!F127="","",ARCH!F127) | J127: 14x36 | N127: =IF(ARCH!M127="","",ARCH!M127) | O127: =IF(ARCH!M127="","",ARCH!M127) | P127: =IF(ARCH!M127="","",ARCH!M127)
A128: =TRIB!A128 -> 7_UNLABELED_95 | B128: =TRIB!B128 -> 0 | C128: =TRIB!C128 -> 0 | D128: =TRIB!D128 -> A | E128: =IF(ARCH!F128="","",ARCH!F128) | J128: 14x36 | N128: =IF(ARCH!M128="","",ARCH!M128) | O128: =IF(ARCH!M128="","",ARCH!M128) | P128: =IF(ARCH!M128="","",ARCH!M128)
A129: =TRIB!A129 -> 7_UNLABELED_96 | B129: =TRIB!B129 -> 0 | C129: =TRIB!C129 -> 0 | D129: =TRIB!D129 -> A | E129: =IF(ARCH!F129="","",ARCH!F129) | J129: 14x36 | N129: =IF(ARCH!M129="","",ARCH!M129) | O129: =IF(ARCH!M129="","",ARCH!M129) | P129: =IF(ARCH!M129="","",ARCH!M129)
A130: =TRIB!A130 -> 7_UNLABELED_97 | B130: =TRIB!B130 -> 0 | C130: =TRIB!C130 -> 0 | D130: =TRIB!D130 -> A | E130: =IF(ARCH!F130="","",ARCH!F130) | J130: 14x36 | N130: =IF(ARCH!M130="","",ARCH!M130) | O130: =IF(ARCH!M130="","",ARCH!M130) | P130: =IF(ARCH!M130="","",ARCH!M130)
... A132: =TRIB!A132 -> 7_UNLABELED_99 | B132: =TRIB!B132 -> 0 | C132: =TRIB!C132 -> 0 | D132: =TRIB!D132 -> A | E132: =IF(ARCH!F132="","",ARCH!F132) | J132: 14x36 | N132: =IF(ARCH!M132="","",ARCH!M132) | O132: =IF(ARCH!M132="","",ARCH!M132) | P132: =IF(ARCH!M132="","",ARCH!M132)
A133: =TRIB!A133 -> 8_UNLABELED_106 | B133: =TRIB!B133 -> 0 | C133: =TRIB!C133 -> 0 | D133: =TRIB!D133 -> A | E133: =IF(ARCH!F133="","",ARCH!F133) | I133: 14x36 | N133: =IF(ARCH!M133="","",ARCH!M133) | O133: =IF(ARCH!M133="","",ARCH!M133) | P133: =IF(ARCH!M133="","",ARCH!M133)
A134: =TRIB!A134 -> 8_UNLABELED_107 | B134: =TRIB!B134 -> 0 | C134: =TRIB!C134 -> 0 | D134: =TRIB!D134 -> A | E134: =IF(ARCH!F134="","",ARCH!F134) | I134: 14x36 | N134: =IF(ARCH!M134="","",ARCH!M134) | O134: =IF(ARCH!M134="","",ARCH!M134) | P134: =IF(ARCH!M134="","",ARCH!M134)

Sheet ARCH_AG
A1: Column | B1: x (ft) | C1: y (ft) | D1: Section | E1: ROOF | F1: 11 | G1: 10 | H1: 9 | I1: 8 | J1: 7 | K1: 6 | L1: 5 | M1: 4 | N1: 3 | O1: 2 | P1: 1 | R1: Gross area (in2) of the architect's section; INPUTS default where none is drawn.
A2: =TRIB!A2 -> C1 | B2: =TRIB!B2 -> 283.70052 | C2: =TRIB!C2 -> 569.16697 | D2: =TRIB!D2 -> A | E2: =IF(ARCH!E2="",INPUTS!$B$19,IF(LEFT(ARCH!E2,1)="d",PI()/4*VALUE(MID(ARCH!E2,2,9))^2,VALUE(LEFT(ARCH!E2,FIND("x",ARCH!E2)-1))*VALUE(MID(ARCH!E2,FIND("x",ARCH!E2)+1,9)))) -> 504 | F2: =IF(ARCH!F2="",INPUTS!$B$19,IF(LEFT(ARCH!F2,1)="d",PI()/4*VALUE(MID(ARCH!F2,2,9))^2,VALUE(LEFT(ARCH!F2,FIND("x",ARCH!F2)-1))*VALUE(MID(ARCH!F2,FIND("x",ARCH!F2)+1,9)))) -> 504 | G2: =IF(ARCH!G2="",INPUTS!$B$19,IF(LEFT(ARCH!G2,1)="d",PI()/4*VALUE(MID(ARCH!G2,2,9))^2,VALUE(LEFT(ARCH!G2,FIND("x",ARCH!G2)-1))*VALUE(MID(ARCH!G2,FIND("x",ARCH!G2)+1,9)))) -> 504 | H2: =IF(ARCH!H2="",INPUTS!$B$19,IF(LEFT(ARCH!H2,1)="d",PI()/4*VALUE(MID(ARCH!H2,2,9))^2,VALUE(LEFT(ARCH!H2,FIND("x",ARCH!H2)-1))*VALUE(MID(ARCH!H2,FIND("x",ARCH!H2)+1,9)))) -> 504 | I2: =IF(ARCH!I2="",INPUTS!$B$19,IF(LEFT(ARCH!I2,1)="d",PI()/4*VALUE(MID(ARCH!I2,2,9))^2,VALUE(LEFT(ARCH!I2,FIND("x",ARCH!I2)-1))*VALUE(MID(ARCH!I2,FIND("x",ARCH!I2)+1,9)))) -> 504 | J2: =IF(ARCH!J2="",INPUTS!$B$19,IF(LEFT(ARCH!J2,1)="d",PI()/4*VALUE(MID(ARCH!J2,2,9))^2,VALUE(LEFT(ARCH!J2,FIND("x",ARCH!J2)-1))*VALUE(MID(ARCH!J2,FIND("x",ARCH!J2)+1,9)))) -> 504 | K2: =IF(ARCH!K2="",INPUTS!$B$19,IF(LEFT(ARCH!K2,1)="d",PI()/4*VALUE(MID(ARCH!K2,2,9))^2,VALUE(LEFT(ARCH!K2,FIND("x",ARCH!K2)-1))*VALUE(MID(ARCH!K2,FIND("x",ARCH!K2)+1,9)))) -> 504 | L2: =IF(ARCH!L2="",INPUTS!$B$19,IF(LEFT(ARCH!L2,1)="d",PI()/4*VALUE(MID(ARCH!L2,2,9))^2,VALUE(LEFT(ARCH!L2,FIND("x",ARCH!L2)-1))*VALUE(MID(ARCH!L2,FIND("x",ARCH!L2)+1,9)))) -> 504 | ... P2: =IF(ARCH!P2="",INPUTS!$B$19,IF(LEFT(ARCH!P2,1)="d",PI()/4*VALUE(MID(ARCH!P2,2,9))^2,VALUE(LEFT(ARCH!P2,FIND("x",ARCH!P2)-1))*VALUE(MID(ARCH!P2,FIND("x",ARCH!P2)+1,9)))) -> 504
A3: =TRIB!A3 -> C2 | B3: =TRIB!B3 -> 283.56914 | C3: =TRIB!C3 -> 554.06436 | D3: =TRIB!D3 -> A | E3: =IF(ARCH!E3="",INPUTS!$B$19,IF(LEFT(ARCH!E3,1)="d",PI()/4*VALUE(MID(ARCH!E3,2,9))^2,VALUE(LEFT(ARCH!E3,FIND("x",ARCH!E3)-1))*VALUE(MID(ARCH!E3,FIND("x",ARCH!E3)+1,9)))) -> 336 | F3: =IF(ARCH!F3="",INPUTS!$B$19,IF(LEFT(ARCH!F3,1)="d",PI()/4*VALUE(MID(ARCH!F3,2,9))^2,VALUE(LEFT(ARCH!F3,FIND("x",ARCH!F3)-1))*VALUE(MID(ARCH!F3,FIND("x",ARCH!F3)+1,9)))) -> 336 | G3: =IF(ARCH!G3="",INPUTS!$B$19,IF(LEFT(ARCH!G3,1)="d",PI()/4*VALUE(MID(ARCH!G3,2,9))^2,VALUE(LEFT(ARCH!G3,FIND("x",ARCH!G3)-1))*VALUE(MID(ARCH!G3,FIND("x",ARCH!G3)+1,9)))) -> 452.38934 | H3: =IF(ARCH!H3="",INPUTS!$B$19,IF(LEFT(ARCH!H3,1)="d",PI()/4*VALUE(MID(ARCH!H3,2,9))^2,VALUE(LEFT(ARCH!H3,FIND("x",ARCH!H3)-1))*VALUE(MID(ARCH!H3,FIND("x",ARCH!H3)+1,9)))) -> 452.38934 | I3: =IF(ARCH!I3="",INPUTS!$B$19,IF(LEFT(ARCH!I3,1)="d",PI()/4*VALUE(MID(ARCH!I3,2,9))^2,VALUE(LEFT(ARCH!I3,FIND("x",ARCH!I3)-1))*VALUE(MID(ARCH!I3,FIND("x",ARCH!I3)+1,9)))) -> 452.38934 | J3: =IF(ARCH!J3="",INPUTS!$B$19,IF(LEFT(ARCH!J3,1)="d",PI()/4*VALUE(MID(ARCH!J3,2,9))^2,VALUE(LEFT(ARCH!J3,FIND("x",ARCH!J3)-1))*VALUE(MID(ARCH!J3,FIND("x",ARCH!J3)+1,9)))) -> 452.38934 | K3: =IF(ARCH!K3="",INPUTS!$B$19,IF(LEFT(ARCH!K3,1)="d",PI()/4*VALUE(MID(ARCH!K3,2,9))^2,VALUE(LEFT(ARCH!K3,FIND("x",ARCH!K3)-1))*VALUE(MID(ARCH!K3,FIND("x",ARCH!K3)+1,9)))) -> 452.38934 | L3: =IF(ARCH!L3="",INPUTS!$B$19,IF(LEFT(ARCH!L3,1)="d",PI()/4*VALUE(MID(ARCH!L3,2,9))^2,VALUE(LEFT(ARCH!L3,FIND("x",ARCH!L3)-1))*VALUE(MID(ARCH!L3,FIND("x",ARCH!L3)+1,9)))) -> 452.38934 | ... P3: =IF(ARCH!P3="",INPUTS!$B$19,IF(LEFT(ARCH!P3,1)="d",PI()/4*VALUE(MID(ARCH!P3,2,9))^2,VALUE(LEFT(ARCH!P3,FIND("x",ARCH!P3)-1))*VALUE(MID(ARCH!P3,FIND("x",ARCH!P3)+1,9)))) -> 452.38934
A4: =TRIB!A4 -> C3 | B4: =TRIB!B4 -> 302.32736 | C4: =TRIB!C4 -> 538.83473 | D4: =TRIB!D4 -> A | E4: =IF(ARCH!E4="",INPUTS!$B$19,IF(LEFT(ARCH!E4,1)="d",PI()/4*VALUE(MID(ARCH!E4,2,9))^2,VALUE(LEFT(ARCH!E4,FIND("x",ARCH!E4)-1))*VALUE(MID(ARCH!E4,FIND("x",ARCH!E4)+1,9)))) -> 504 | F4: =IF(ARCH!F4="",INPUTS!$B$19,IF(LEFT(ARCH!F4,1)="d",PI()/4*VALUE(MID(ARCH!F4,2,9))^2,VALUE(LEFT(ARCH!F4,FIND("x",ARCH!F4)-1))*VALUE(MID(ARCH!F4,FIND("x",ARCH!F4)+1,9)))) -> 504 | G4: =IF(ARCH!G4="",INPUTS!$B$19,IF(LEFT(ARCH!G4,1)="d",PI()/4*VALUE(MID(ARCH!G4,2,9))^2,VALUE(LEFT(ARCH!G4,FIND("x",ARCH!G4)-1))*VALUE(MID(ARCH!G4,FIND("x",ARCH!G4)+1,9)))) -> 504 | H4: =IF(ARCH!H4="",INPUTS!$B$19,IF(LEFT(ARCH!H4,1)="d",PI()/4*VALUE(MID(ARCH!H4,2,9))^2,VALUE(LEFT(ARCH!H4,FIND("x",ARCH!H4)-1))*VALUE(MID(ARCH!H4,FIND("x",ARCH!H4)+1,9)))) -> 504 | I4: =IF(ARCH!I4="",INPUTS!$B$19,IF(LEFT(ARCH!I4,1)="d",PI()/4*VALUE(MID(ARCH!I4,2,9))^2,VALUE(LEFT(ARCH!I4,FIND("x",ARCH!I4)-1))*VALUE(MID(ARCH!I4,FIND("x",ARCH!I4)+1,9)))) -> 504 | J4: =IF(ARCH!J4="",INPUTS!$B$19,IF(LEFT(ARCH!J4,1)="d",PI()/4*VALUE(MID(ARCH!J4,2,9))^2,VALUE(LEFT(ARCH!J4,FIND("x",ARCH!J4)-1))*VALUE(MID(ARCH!J4,FIND("x",ARCH!J4)+1,9)))) -> 504 | K4: =IF(ARCH!K4="",INPUTS!$B$19,IF(LEFT(ARCH!K4,1)="d",PI()/4*VALUE(MID(ARCH!K4,2,9))^2,VALUE(LEFT(ARCH!K4,FIND("x",ARCH!K4)-1))*VALUE(MID(ARCH!K4,FIND("x",ARCH!K4)+1,9)))) -> 504 | L4: =IF(ARCH!L4="",INPUTS!$B$19,IF(LEFT(ARCH!L4,1)="d",PI()/4*VALUE(MID(ARCH!L4,2,9))^2,VALUE(LEFT(ARCH!L4,FIND("x",ARCH!L4)-1))*VALUE(MID(ARCH!L4,FIND("x",ARCH!L4)+1,9)))) -> 504 | ... P4: =IF(ARCH!P4="",INPUTS!$B$19,IF(LEFT(ARCH!P4,1)="d",PI()/4*VALUE(MID(ARCH!P4,2,9))^2,VALUE(LEFT(ARCH!P4,FIND("x",ARCH!P4)-1))*VALUE(MID(ARCH!P4,FIND("x",ARCH!P4)+1,9)))) -> 504
A5: =TRIB!A5 -> C4 | B5: =TRIB!B5 -> 301.5302 | C5: =TRIB!C5 -> 560.06227 | D5: =TRIB!D5 -> A | E5: =IF(ARCH!E5="",INPUTS!$B$19,IF(LEFT(ARCH!E5,1)="d",PI()/4*VALUE(MID(ARCH!E5,2,9))^2,VALUE(LEFT(ARCH!E5,FIND("x",ARCH!E5)-1))*VALUE(MID(ARCH!E5,FIND("x",ARCH!E5)+1,9)))) -> 336 | F5: =IF(ARCH!F5="",INPUTS!$B$19,IF(LEFT(ARCH!F5,1)="d",PI()/4*VALUE(MID(ARCH!F5,2,9))^2,VALUE(LEFT(ARCH!F5,FIND("x",ARCH!F5)-1))*VALUE(MID(ARCH!F5,FIND("x",ARCH!F5)+1,9)))) -> 336 | G5: =IF(ARCH!G5="",INPUTS!$B$19,IF(LEFT(ARCH!G5,1)="d",PI()/4*VALUE(MID(ARCH!G5,2,9))^2,VALUE(LEFT(ARCH!G5,FIND("x",ARCH!G5)-1))*VALUE(MID(ARCH!G5,FIND("x",ARCH!G5)+1,9)))) -> 336 | H5: =IF(ARCH!H5="",INPUTS!$B$19,IF(LEFT(ARCH!H5,1)="d",PI()/4*VALUE(MID(ARCH!H5,2,9))^2,VALUE(LEFT(ARCH!H5,FIND("x",ARCH!H5)-1))*VALUE(MID(ARCH!H5,FIND("x",ARCH!H5)+1,9)))) -> 336 | I5: =IF(ARCH!I5="",INPUTS!$B$19,IF(LEFT(ARCH!I5,1)="d",PI()/4*VALUE(MID(ARCH!I5,2,9))^2,VALUE(LEFT(ARCH!I5,FIND("x",ARCH!I5)-1))*VALUE(MID(ARCH!I5,FIND("x",ARCH!I5)+1,9)))) -> 336 | J5: =IF(ARCH!J5="",INPUTS!$B$19,IF(LEFT(ARCH!J5,1)="d",PI()/4*VALUE(MID(ARCH!J5,2,9))^2,VALUE(LEFT(ARCH!J5,FIND("x",ARCH!J5)-1))*VALUE(MID(ARCH!J5,FIND("x",ARCH!J5)+1,9)))) -> 336 | K5: =IF(ARCH!K5="",INPUTS!$B$19,IF(LEFT(ARCH!K5,1)="d",PI()/4*VALUE(MID(ARCH!K5,2,9))^2,VALUE(LEFT(ARCH!K5,FIND("x",ARCH!K5)-1))*VALUE(MID(ARCH!K5,FIND("x",ARCH!K5)+1,9)))) -> 336 | L5: =IF(ARCH!L5="",INPUTS!$B$19,IF(LEFT(ARCH!L5,1)="d",PI()/4*VALUE(MID(ARCH!L5,2,9))^2,VALUE(LEFT(ARCH!L5,FIND("x",ARCH!L5)-1))*VALUE(MID(ARCH!L5,FIND("x",ARCH!L5)+1,9)))) -> 336 | ... P5: =IF(ARCH!P5="",INPUTS!$B$19,IF(LEFT(ARCH!P5,1)="d",PI()/4*VALUE(MID(ARCH!P5,2,9))^2,VALUE(LEFT(ARCH!P5,FIND("x",ARCH!P5)-1))*VALUE(MID(ARCH!P5,FIND("x",ARCH!P5)+1,9)))) -> 336
A6: =TRIB!A6 -> C5 | B6: =TRIB!B6 -> 311.63942 | C6: =TRIB!C6 -> 569.16697 | D6: =TRIB!D6 -> A | E6: =IF(ARCH!E6="",INPUTS!$B$19,IF(LEFT(ARCH!E6,1)="d",PI()/4*VALUE(MID(ARCH!E6,2,9))^2,VALUE(LEFT(ARCH!E6,FIND("x",ARCH!E6)-1))*VALUE(MID(ARCH!E6,FIND("x",ARCH!E6)+1,9)))) -> 336 | F6: =IF(ARCH!F6="",INPUTS!$B$19,IF(LEFT(ARCH!F6,1)="d",PI()/4*VALUE(MID(ARCH!F6,2,9))^2,VALUE(LEFT(ARCH!F6,FIND("x",ARCH!F6)-1))*VALUE(MID(ARCH!F6,FIND("x",ARCH!F6)+1,9)))) -> 336 | G6: =IF(ARCH!G6="",INPUTS!$B$19,IF(LEFT(ARCH!G6,1)="d",PI()/4*VALUE(MID(ARCH!G6,2,9))^2,VALUE(LEFT(ARCH!G6,FIND("x",ARCH!G6)-1))*VALUE(MID(ARCH!G6,FIND("x",ARCH!G6)+1,9)))) -> 336 | H6: =IF(ARCH!H6="",INPUTS!$B$19,IF(LEFT(ARCH!H6,1)="d",PI()/4*VALUE(MID(ARCH!H6,2,9))^2,VALUE(LEFT(ARCH!H6,FIND("x",ARCH!H6)-1))*VALUE(MID(ARCH!H6,FIND("x",ARCH!H6)+1,9)))) -> 336 | I6: =IF(ARCH!I6="",INPUTS!$B$19,IF(LEFT(ARCH!I6,1)="d",PI()/4*VALUE(MID(ARCH!I6,2,9))^2,VALUE(LEFT(ARCH!I6,FIND("x",ARCH!I6)-1))*VALUE(MID(ARCH!I6,FIND("x",ARCH!I6)+1,9)))) -> 336 | J6: =IF(ARCH!J6="",INPUTS!$B$19,IF(LEFT(ARCH!J6,1)="d",PI()/4*VALUE(MID(ARCH!J6,2,9))^2,VALUE(LEFT(ARCH!J6,FIND("x",ARCH!J6)-1))*VALUE(MID(ARCH!J6,FIND("x",ARCH!J6)+1,9)))) -> 336 | K6: =IF(ARCH!K6="",INPUTS!$B$19,IF(LEFT(ARCH!K6,1)="d",PI()/4*VALUE(MID(ARCH!K6,2,9))^2,VALUE(LEFT(ARCH!K6,FIND("x",ARCH!K6)-1))*VALUE(MID(ARCH!K6,FIND("x",ARCH!K6)+1,9)))) -> 336 | L6: =IF(ARCH!L6="",INPUTS!$B$19,IF(LEFT(ARCH!L6,1)="d",PI()/4*VALUE(MID(ARCH!L6,2,9))^2,VALUE(LEFT(ARCH!L6,FIND("x",ARCH!L6)-1))*VALUE(MID(ARCH!L6,FIND("x",ARCH!L6)+1,9)))) -> 336 | ... P6: =IF(ARCH!P6="",INPUTS!$B$19,IF(LEFT(ARCH!P6,1)="d",PI()/4*VALUE(MID(ARCH!P6,2,9))^2,VALUE(LEFT(ARCH!P6,FIND("x",ARCH!P6)-1))*VALUE(MID(ARCH!P6,FIND("x",ARCH!P6)+1,9)))) -> 336
A7: =TRIB!A7 -> C6 | B7: =TRIB!B7 -> 313.93295 | C7: =TRIB!C7 -> 553.64886 | D7: =TRIB!D7 -> A | E7: =IF(ARCH!E7="",INPUTS!$B$19,IF(LEFT(ARCH!E7,1)="d",PI()/4*VALUE(MID(ARCH!E7,2,9))^2,VALUE(LEFT(ARCH!E7,FIND("x",ARCH!E7)-1))*VALUE(MID(ARCH!E7,FIND("x",ARCH!E7)+1,9)))) -> 336 | F7: =IF(ARCH!F7="",INPUTS!$B$19,IF(LEFT(ARCH!F7,1)="d",PI()/4*VALUE(MID(ARCH!F7,2,9))^2,VALUE(LEFT(ARCH!F7,FIND("x",ARCH!F7)-1))*VALUE(MID(ARCH!F7,FIND("x",ARCH!F7)+1,9)))) -> 336 | G7: =IF(ARCH!G7="",INPUTS!$B$19,IF(LEFT(ARCH!G7,1)="d",PI()/4*VALUE(MID(ARCH!G7,2,9))^2,VALUE(LEFT(ARCH!G7,FIND("x",ARCH!G7)-1))*VALUE(MID(ARCH!G7,FIND("x",ARCH!G7)+1,9)))) -> 336 | H7: =IF(ARCH!H7="",INPUTS!$B$19,IF(LEFT(ARCH!H7,1)="d",PI()/4*VALUE(MID(ARCH!H7,2,9))^2,VALUE(LEFT(ARCH!H7,FIND("x",ARCH!H7)-1))*VALUE(MID(ARCH!H7,FIND("x",ARCH!H7)+1,9)))) -> 336 | I7: =IF(ARCH!I7="",INPUTS!$B$19,IF(LEFT(ARCH!I7,1)="d",PI()/4*VALUE(MID(ARCH!I7,2,9))^2,VALUE(LEFT(ARCH!I7,FIND("x",ARCH!I7)-1))*VALUE(MID(ARCH!I7,FIND("x",ARCH!I7)+1,9)))) -> 336 | J7: =IF(ARCH!J7="",INPUTS!$B$19,IF(LEFT(ARCH!J7,1)="d",PI()/4*VALUE(MID(ARCH!J7,2,9))^2,VALUE(LEFT(ARCH!J7,FIND("x",ARCH!J7)-1))*VALUE(MID(ARCH!J7,FIND("x",ARCH!J7)+1,9)))) -> 336 | K7: =IF(ARCH!K7="",INPUTS!$B$19,IF(LEFT(ARCH!K7,1)="d",PI()/4*VALUE(MID(ARCH!K7,2,9))^2,VALUE(LEFT(ARCH!K7,FIND("x",ARCH!K7)-1))*VALUE(MID(ARCH!K7,FIND("x",ARCH!K7)+1,9)))) -> 336 | L7: =IF(ARCH!L7="",INPUTS!$B$19,IF(LEFT(ARCH!L7,1)="d",PI()/4*VALUE(MID(ARCH!L7,2,9))^2,VALUE(LEFT(ARCH!L7,FIND("x",ARCH!L7)-1))*VALUE(MID(ARCH!L7,FIND("x",ARCH!L7)+1,9)))) -> 336 | ... P7: =IF(ARCH!P7="",INPUTS!$B$19,IF(LEFT(ARCH!P7,1)="d",PI()/4*VALUE(MID(ARCH!P7,2,9))^2,VALUE(LEFT(ARCH!P7,FIND("x",ARCH!P7)-1))*VALUE(MID(ARCH!P7,FIND("x",ARCH!P7)+1,9)))) -> 336
A8: =TRIB!A8 -> C7 | B8: =TRIB!B8 -> 336.33509 | C8: =TRIB!C8 -> 514.66264 | D8: =TRIB!D8 -> A | E8: =IF(ARCH!E8="",INPUTS!$B$19,IF(LEFT(ARCH!E8,1)="d",PI()/4*VALUE(MID(ARCH!E8,2,9))^2,VALUE(LEFT(ARCH!E8,FIND("x",ARCH!E8)-1))*VALUE(MID(ARCH!E8,FIND("x",ARCH!E8)+1,9)))) -> 504 | F8: =IF(ARCH!F8="",INPUTS!$B$19,IF(LEFT(ARCH!F8,1)="d",PI()/4*VALUE(MID(ARCH!F8,2,9))^2,VALUE(LEFT(ARCH!F8,FIND("x",ARCH!F8)-1))*VALUE(MID(ARCH!F8,FIND("x",ARCH!F8)+1,9)))) -> 504 | G8: =IF(ARCH!G8="",INPUTS!$B$19,IF(LEFT(ARCH!G8,1)="d",PI()/4*VALUE(MID(ARCH!G8,2,9))^2,VALUE(LEFT(ARCH!G8,FIND("x",ARCH!G8)-1))*VALUE(MID(ARCH!G8,FIND("x",ARCH!G8)+1,9)))) -> 504 | H8: =IF(ARCH!H8="",INPUTS!$B$19,IF(LEFT(ARCH!H8,1)="d",PI()/4*VALUE(MID(ARCH!H8,2,9))^2,VALUE(LEFT(ARCH!H8,FIND("x",ARCH!H8)-1))*VALUE(MID(ARCH!H8,FIND("x",ARCH!H8)+1,9)))) -> 504 | I8: =IF(ARCH!I8="",INPUTS!$B$19,IF(LEFT(ARCH!I8,1)="d",PI()/4*VALUE(MID(ARCH!I8,2,9))^2,VALUE(LEFT(ARCH!I8,FIND("x",ARCH!I8)-1))*VALUE(MID(ARCH!I8,FIND("x",ARCH!I8)+1,9)))) -> 504 | J8: =IF(ARCH!J8="",INPUTS!$B$19,IF(LEFT(ARCH!J8,1)="d",PI()/4*VALUE(MID(ARCH!J8,2,9))^2,VALUE(LEFT(ARCH!J8,FIND("x",ARCH!J8)-1))*VALUE(MID(ARCH!J8,FIND("x",ARCH!J8)+1,9)))) -> 504 | K8: =IF(ARCH!K8="",INPUTS!$B$19,IF(LEFT(ARCH!K8,1)="d",PI()/4*VALUE(MID(ARCH!K8,2,9))^2,VALUE(LEFT(ARCH!K8,FIND("x",ARCH!K8)-1))*VALUE(MID(ARCH!K8,FIND("x",ARCH!K8)+1,9)))) -> 504 | L8: =IF(ARCH!L8="",INPUTS!$B$19,IF(LEFT(ARCH!L8,1)="d",PI()/4*VALUE(MID(ARCH!L8,2,9))^2,VALUE(LEFT(ARCH!L8,FIND("x",ARCH!L8)-1))*VALUE(MID(ARCH!L8,FIND("x",ARCH!L8)+1,9)))) -> 504 | ... P8: =IF(ARCH!P8="",INPUTS!$B$19,IF(LEFT(ARCH!P8,1)="d",PI()/4*VALUE(MID(ARCH!P8,2,9))^2,VALUE(LEFT(ARCH!P8,FIND("x",ARCH!P8)-1))*VALUE(MID(ARCH!P8,FIND("x",ARCH!P8)+1,9)))) -> 504
A9: =TRIB!A9 -> C8 | B9: =TRIB!B9 -> 346.65209 | C9: =TRIB!C9 -> 529.37224 | D9: =TRIB!D9 -> A | E9: =IF(ARCH!E9="",INPUTS!$B$19,IF(LEFT(ARCH!E9,1)="d",PI()/4*VALUE(MID(ARCH!E9,2,9))^2,VALUE(LEFT(ARCH!E9,FIND("x",ARCH!E9)-1))*VALUE(MID(ARCH!E9,FIND("x",ARCH!E9)+1,9)))) -> 504 | F9: =IF(ARCH!F9="",INPUTS!$B$19,IF(LEFT(ARCH!F9,1)="d",PI()/4*VALUE(MID(ARCH!F9,2,9))^2,VALUE(LEFT(ARCH!F9,FIND("x",ARCH!F9)-1))*VALUE(MID(ARCH!F9,FIND("x",ARCH!F9)+1,9)))) -> 504 | G9: =IF(ARCH!G9="",INPUTS!$B$19,IF(LEFT(ARCH!G9,1)="d",PI()/4*VALUE(MID(ARCH!G9,2,9))^2,VALUE(LEFT(ARCH!G9,FIND("x",ARCH!G9)-1))*VALUE(MID(ARCH!G9,FIND("x",ARCH!G9)+1,9)))) -> 504 | H9: =IF(ARCH!H9="",INPUTS!$B$19,IF(LEFT(ARCH!H9,1)="d",PI()/4*VALUE(MID(ARCH!H9,2,9))^2,VALUE(LEFT(ARCH!H9,FIND("x",ARCH!H9)-1))*VALUE(MID(ARCH!H9,FIND("x",ARCH!H9)+1,9)))) -> 504 | I9: =IF(ARCH!I9="",INPUTS!$B$19,IF(LEFT(ARCH!I9,1)="d",PI()/4*VALUE(MID(ARCH!I9,2,9))^2,VALUE(LEFT(ARCH!I9,FIND("x",ARCH!I9)-1))*VALUE(MID(ARCH!I9,FIND("x",ARCH!I9)+1,9)))) -> 504 | J9: =IF(ARCH!J9="",INPUTS!$B$19,IF(LEFT(ARCH!J9,1)="d",PI()/4*VALUE(MID(ARCH!J9,2,9))^2,VALUE(LEFT(ARCH!J9,FIND("x",ARCH!J9)-1))*VALUE(MID(ARCH!J9,FIND("x",ARCH!J9)+1,9)))) -> 504 | K9: =IF(ARCH!K9="",INPUTS!$B$19,IF(LEFT(ARCH!K9,1)="d",PI()/4*VALUE(MID(ARCH!K9,2,9))^2,VALUE(LEFT(ARCH!K9,FIND("x",ARCH!K9)-1))*VALUE(MID(ARCH!K9,FIND("x",ARCH!K9)+1,9)))) -> 504 | L9: =IF(ARCH!L9="",INPUTS!$B$19,IF(LEFT(ARCH!L9,1)="d",PI()/4*VALUE(MID(ARCH!L9,2,9))^2,VALUE(LEFT(ARCH!L9,FIND("x",ARCH!L9)-1))*VALUE(MID(ARCH!L9,FIND("x",ARCH!L9)+1,9)))) -> 504 | ... P9: =IF(ARCH!P9="",INPUTS!$B$19,IF(LEFT(ARCH!P9,1)="d",PI()/4*VALUE(MID(ARCH!P9,2,9))^2,VALUE(LEFT(ARCH!P9,FIND("x",ARCH!P9)-1))*VALUE(MID(ARCH!P9,FIND("x",ARCH!P9)+1,9)))) -> 504
A10: =TRIB!A10 -> C9 | B10: =TRIB!B10 -> 356.10812 | C10: =TRIB!C10 -> 546.09305 | D10: =TRIB!D10 -> A | E10: =IF(ARCH!E10="",INPUTS!$B$19,IF(LEFT(ARCH!E10,1)="d",PI()/4*VALUE(MID(ARCH!E10,2,9))^2,VALUE(LEFT(ARCH!E10,FIND("x",ARCH!E10)-1))*VALUE(MID(ARCH!E10,FIND("x",ARCH!E10)+1,9)))) -> 504 | F10: =IF(ARCH!F10="",INPUTS!$B$19,IF(LEFT(ARCH!F10,1)="d",PI()/4*VALUE(MID(ARCH!F10,2,9))^2,VALUE(LEFT(ARCH!F10,FIND("x",ARCH!F10)-1))*VALUE(MID(ARCH!F10,FIND("x",ARCH!F10)+1,9)))) -> 504 | G10: =IF(ARCH!G10="",INPUTS!$B$19,IF(LEFT(ARCH!G10,1)="d",PI()/4*VALUE(MID(ARCH!G10,2,9))^2,VALUE(LEFT(ARCH!G10,FIND("x",ARCH!G10)-1))*VALUE(MID(ARCH!G10,FIND("x",ARCH!G10)+1,9)))) -> 504 | H10: =IF(ARCH!H10="",INPUTS!$B$19,IF(LEFT(ARCH!H10,1)="d",PI()/4*VALUE(MID(ARCH!H10,2,9))^2,VALUE(LEFT(ARCH!H10,FIND("x",ARCH!H10)-1))*VALUE(MID(ARCH!H10,FIND("x",ARCH!H10)+1,9)))) -> 504 | I10: =IF(ARCH!I10="",INPUTS!$B$19,IF(LEFT(ARCH!I10,1)="d",PI()/4*VALUE(MID(ARCH!I10,2,9))^2,VALUE(LEFT(ARCH!I10,FIND("x",ARCH!I10)-1))*VALUE(MID(ARCH!I10,FIND("x",ARCH!I10)+1,9)))) -> 504 | J10: =IF(ARCH!J10="",INPUTS!$B$19,IF(LEFT(ARCH!J10,1)="d",PI()/4*VALUE(MID(ARCH!J10,2,9))^2,VALUE(LEFT(ARCH!J10,FIND("x",ARCH!J10)-1))*VALUE(MID(ARCH!J10,FIND("x",ARCH!J10)+1,9)))) -> 504 | K10: =IF(ARCH!K10="",INPUTS!$B$19,IF(LEFT(ARCH!K10,1)="d",PI()/4*VALUE(MID(ARCH!K10,2,9))^2,VALUE(LEFT(ARCH!K10,FIND("x",ARCH!K10)-1))*VALUE(MID(ARCH!K10,FIND("x",ARCH!K10)+1,9)))) -> 504 | L10: =IF(ARCH!L10="",INPUTS!$B$19,IF(LEFT(ARCH!L10,1)="d",PI()/4*VALUE(MID(ARCH!L10,2,9))^2,VALUE(LEFT(ARCH!L10,FIND("x",ARCH!L10)-1))*VALUE(MID(ARCH!L10,FIND("x",ARCH!L10)+1,9)))) -> 504 | ... P10: =IF(ARCH!P10="",INPUTS!$B$19,IF(LEFT(ARCH!P10,1)="d",PI()/4*VALUE(MID(ARCH!P10,2,9))^2,VALUE(LEFT(ARCH!P10,FIND("x",ARCH!P10)-1))*VALUE(MID(ARCH!P10,FIND("x",ARCH!P10)+1,9)))) -> 504
A11: =TRIB!A11 -> C10 | B11: =TRIB!B11 -> 357.42596 | C11: =TRIB!C11 -> 500.43849 | D11: =TRIB!D11 -> A | E11: =IF(ARCH!E11="",INPUTS!$B$19,IF(LEFT(ARCH!E11,1)="d",PI()/4*VALUE(MID(ARCH!E11,2,9))^2,VALUE(LEFT(ARCH!E11,FIND("x",ARCH!E11)-1))*VALUE(MID(ARCH!E11,FIND("x",ARCH!E11)+1,9)))) -> 504 | F11: =IF(ARCH!F11="",INPUTS!$B$19,IF(LEFT(ARCH!F11,1)="d",PI()/4*VALUE(MID(ARCH!F11,2,9))^2,VALUE(LEFT(ARCH!F11,FIND("x",ARCH!F11)-1))*VALUE(MID(ARCH!F11,FIND("x",ARCH!F11)+1,9)))) -> 504 | G11: =IF(ARCH!G11="",INPUTS!$B$19,IF(LEFT(ARCH!G11,1)="d",PI()/4*VALUE(MID(ARCH!G11,2,9))^2,VALUE(LEFT(ARCH!G11,FIND("x",ARCH!G11)-1))*VALUE(MID(ARCH!G11,FIND("x",ARCH!G11)+1,9)))) -> 504 | H11: =IF(ARCH!H11="",INPUTS!$B$19,IF(LEFT(ARCH!H11,1)="d",PI()/4*VALUE(MID(ARCH!H11,2,9))^2,VALUE(LEFT(ARCH!H11,FIND("x",ARCH!H11)-1))*VALUE(MID(ARCH!H11,FIND("x",ARCH!H11)+1,9)))) -> 504 | I11: =IF(ARCH!I11="",INPUTS!$B$19,IF(LEFT(ARCH!I11,1)="d",PI()/4*VALUE(MID(ARCH!I11,2,9))^2,VALUE(LEFT(ARCH!I11,FIND("x",ARCH!I11)-1))*VALUE(MID(ARCH!I11,FIND("x",ARCH!I11)+1,9)))) -> 504 | J11: =IF(ARCH!J11="",INPUTS!$B$19,IF(LEFT(ARCH!J11,1)="d",PI()/4*VALUE(MID(ARCH!J11,2,9))^2,VALUE(LEFT(ARCH!J11,FIND("x",ARCH!J11)-1))*VALUE(MID(ARCH!J11,FIND("x",ARCH!J11)+1,9)))) -> 504 | K11: =IF(ARCH!K11="",INPUTS!$B$19,IF(LEFT(ARCH!K11,1)="d",PI()/4*VALUE(MID(ARCH!K11,2,9))^2,VALUE(LEFT(ARCH!K11,FIND("x",ARCH!K11)-1))*VALUE(MID(ARCH!K11,FIND("x",ARCH!K11)+1,9)))) -> 504 | L11: =IF(ARCH!L11="",INPUTS!$B$19,IF(LEFT(ARCH!L11,1)="d",PI()/4*VALUE(MID(ARCH!L11,2,9))^2,VALUE(LEFT(ARCH!L11,FIND("x",ARCH!L11)-1))*VALUE(MID(ARCH!L11,FIND("x",ARCH!L11)+1,9)))) -> 504 | ... P11: =IF(ARCH!P11="",INPUTS!$B$19,IF(LEFT(ARCH!P11,1)="d",PI()/4*VALUE(MID(ARCH!P11,2,9))^2,VALUE(LEFT(ARCH!P11,FIND("x",ARCH!P11)-1))*VALUE(MID(ARCH!P11,FIND("x",ARCH!P11)+1,9)))) -> 504
A12: =TRIB!A12 -> C11 | B12: =TRIB!B12 -> 363.12676 | C12: =TRIB!C12 -> 569.16697 | D12: =TRIB!D12 -> A | E12: =IF(ARCH!E12="",INPUTS!$B$19,IF(LEFT(ARCH!E12,1)="d",PI()/4*VALUE(MID(ARCH!E12,2,9))^2,VALUE(LEFT(ARCH!E12,FIND("x",ARCH!E12)-1))*VALUE(MID(ARCH!E12,FIND("x",ARCH!E12)+1,9)))) -> 336 | F12: =IF(ARCH!F12="",INPUTS!$B$19,IF(LEFT(ARCH!F12,1)="d",PI()/4*VALUE(MID(ARCH!F12,2,9))^2,VALUE(LEFT(ARCH!F12,FIND("x",ARCH!F12)-1))*VALUE(MID(ARCH!F12,FIND("x",ARCH!F12)+1,9)))) -> 336 | G12: =IF(ARCH!G12="",INPUTS!$B$19,IF(LEFT(ARCH!G12,1)="d",PI()/4*VALUE(MID(ARCH!G12,2,9))^2,VALUE(LEFT(ARCH!G12,FIND("x",ARCH!G12)-1))*VALUE(MID(ARCH!G12,FIND("x",ARCH!G12)+1,9)))) -> 336 | H12: =IF(ARCH!H12="",INPUTS!$B$19,IF(LEFT(ARCH!H12,1)="d",PI()/4*VALUE(MID(ARCH!H12,2,9))^2,VALUE(LEFT(ARCH!H12,FIND("x",ARCH!H12)-1))*VALUE(MID(ARCH!H12,FIND("x",ARCH!H12)+1,9)))) -> 336 | I12: =IF(ARCH!I12="",INPUTS!$B$19,IF(LEFT(ARCH!I12,1)="d",PI()/4*VALUE(MID(ARCH!I12,2,9))^2,VALUE(LEFT(ARCH!I12,FIND("x",ARCH!I12)-1))*VALUE(MID(ARCH!I12,FIND("x",ARCH!I12)+1,9)))) -> 336 | J12: =IF(ARCH!J12="",INPUTS!$B$19,IF(LEFT(ARCH!J12,1)="d",PI()/4*VALUE(MID(ARCH!J12,2,9))^2,VALUE(LEFT(ARCH!J12,FIND("x",ARCH!J12)-1))*VALUE(MID(ARCH!J12,FIND("x",ARCH!J12)+1,9)))) -> 336 | K12: =IF(ARCH!K12="",INPUTS!$B$19,IF(LEFT(ARCH!K12,1)="d",PI()/4*VALUE(MID(ARCH!K12,2,9))^2,VALUE(LEFT(ARCH!K12,FIND("x",ARCH!K12)-1))*VALUE(MID(ARCH!K12,FIND("x",ARCH!K12)+1,9)))) -> 336 | L12: =IF(ARCH!L12="",INPUTS!$B$19,IF(LEFT(ARCH!L12,1)="d",PI()/4*VALUE(MID(ARCH!L12,2,9))^2,VALUE(LEFT(ARCH!L12,FIND("x",ARCH!L12)-1))*VALUE(MID(ARCH!L12,FIND("x",ARCH!L12)+1,9)))) -> 336 | ... P12: =IF(ARCH!P12="",INPUTS!$B$19,IF(LEFT(ARCH!P12,1)="d",PI()/4*VALUE(MID(ARCH!P12,2,9))^2,VALUE(LEFT(ARCH!P12,FIND("x",ARCH!P12)-1))*VALUE(MID(ARCH!P12,FIND("x",ARCH!P12)+1,9)))) -> 336
A13: =TRIB!A13 -> C12 | B13: =TRIB!B13 -> 366.75277 | C13: =TRIB!C13 -> 517.3193 | D13: =TRIB!D13 -> A | E13: =IF(ARCH!E13="",INPUTS!$B$19,IF(LEFT(ARCH!E13,1)="d",PI()/4*VALUE(MID(ARCH!E13,2,9))^2,VALUE(LEFT(ARCH!E13,FIND("x",ARCH!E13)-1))*VALUE(MID(ARCH!E13,FIND("x",ARCH!E13)+1,9)))) -> 504 | F13: =IF(ARCH!F13="",INPUTS!$B$19,IF(LEFT(ARCH!F13,1)="d",PI()/4*VALUE(MID(ARCH!F13,2,9))^2,VALUE(LEFT(ARCH!F13,FIND("x",ARCH!F13)-1))*VALUE(MID(ARCH!F13,FIND("x",ARCH!F13)+1,9)))) -> 504 | G13: =IF(ARCH!G13="",INPUTS!$B$19,IF(LEFT(ARCH!G13,1)="d",PI()/4*VALUE(MID(ARCH!G13,2,9))^2,VALUE(LEFT(ARCH!G13,FIND("x",ARCH!G13)-1))*VALUE(MID(ARCH!G13,FIND("x",ARCH!G13)+1,9)))) -> 504 | H13: =IF(ARCH!H13="",INPUTS!$B$19,IF(LEFT(ARCH!H13,1)="d",PI()/4*VALUE(MID(ARCH!H13,2,9))^2,VALUE(LEFT(ARCH!H13,FIND("x",ARCH!H13)-1))*VALUE(MID(ARCH!H13,FIND("x",ARCH!H13)+1,9)))) -> 504 | I13: =IF(ARCH!I13="",INPUTS!$B$19,IF(LEFT(ARCH!I13,1)="d",PI()/4*VALUE(MID(ARCH!I13,2,9))^2,VALUE(LEFT(ARCH!I13,FIND("x",ARCH!I13)-1))*VALUE(MID(ARCH!I13,FIND("x",ARCH!I13)+1,9)))) -> 504 | J13: =IF(ARCH!J13="",INPUTS!$B$19,IF(LEFT(ARCH!J13,1)="d",PI()/4*VALUE(MID(ARCH!J13,2,9))^2,VALUE(LEFT(ARCH!J13,FIND("x",ARCH!J13)-1))*VALUE(MID(ARCH!J13,FIND("x",ARCH!J13)+1,9)))) -> 504 | K13: =IF(ARCH!K13="",INPUTS!$B$19,IF(LEFT(ARCH!K13,1)="d",PI()/4*VALUE(MID(ARCH!K13,2,9))^2,VALUE(LEFT(ARCH!K13,FIND("x",ARCH!K13)-1))*VALUE(MID(ARCH!K13,FIND("x",ARCH!K13)+1,9)))) -> 504 | L13: =IF(ARCH!L13="",INPUTS!$B$19,IF(LEFT(ARCH!L13,1)="d",PI()/4*VALUE(MID(ARCH!L13,2,9))^2,VALUE(LEFT(ARCH!L13,FIND("x",ARCH!L13)-1))*VALUE(MID(ARCH!L13,FIND("x",ARCH!L13)+1,9)))) -> 504 | ... P13: =IF(ARCH!P13="",INPUTS!$B$19,IF(LEFT(ARCH!P13,1)="d",PI()/4*VALUE(MID(ARCH!P13,2,9))^2,VALUE(LEFT(ARCH!P13,FIND("x",ARCH!P13)-1))*VALUE(MID(ARCH!P13,FIND("x",ARCH!P13)+1,9)))) -> 504
... A134: =TRIB!A134 -> 8_UNLABELED_107 | B134: =TRIB!B134 -> 0 | C134: =TRIB!C134 -> 0 | D134: =TRIB!D134 -> A | E134: =IF(ARCH!E134="",INPUTS!$B$19,IF(LEFT(ARCH!E134,1)="d",PI()/4*VALUE(MID(ARCH!E134,2,9))^2,VALUE(LEFT(ARCH!E134,FIND("x",ARCH!E134)-1))*VALUE(MID(ARCH!E134,FIND("x",ARCH!E134)+1,9)))) -> 336 | F134: =IF(ARCH!F134="",INPUTS!$B$19,IF(LEFT(ARCH!F134,1)="d",PI()/4*VALUE(MID(ARCH!F134,2,9))^2,VALUE(LEFT(ARCH!F134,FIND("x",ARCH!F134)-1))*VALUE(MID(ARCH!F134,FIND("x",ARCH!F134)+1,9)))) -> 336 | G134: =IF(ARCH!G134="",INPUTS!$B$19,IF(LEFT(ARCH!G134,1)="d",PI()/4*VALUE(MID(ARCH!G134,2,9))^2,VALUE(LEFT(ARCH!G134,FIND("x",ARCH!G134)-1))*VALUE(MID(ARCH!G134,FIND("x",ARCH!G134)+1,9)))) -> 336 | H134: =IF(ARCH!H134="",INPUTS!$B$19,IF(LEFT(ARCH!H134,1)="d",PI()/4*VALUE(MID(ARCH!H134,2,9))^2,VALUE(LEFT(ARCH!H134,FIND("x",ARCH!H134)-1))*VALUE(MID(ARCH!H134,FIND("x",ARCH!H134)+1,9)))) -> 336 | I134: =IF(ARCH!I134="",INPUTS!$B$19,IF(LEFT(ARCH!I134,1)="d",PI()/4*VALUE(MID(ARCH!I134,2,9))^2,VALUE(LEFT(ARCH!I134,FIND("x",ARCH!I134)-1))*VALUE(MID(ARCH!I134,FIND("x",ARCH!I134)+1,9)))) -> 504 | J134: =IF(ARCH!J134="",INPUTS!$B$19,IF(LEFT(ARCH!J134,1)="d",PI()/4*VALUE(MID(ARCH!J134,2,9))^2,VALUE(LEFT(ARCH!J134,FIND("x",ARCH!J134)-1))*VALUE(MID(ARCH!J134,FIND("x",ARCH!J134)+1,9)))) -> 336 | K134: =IF(ARCH!K134="",INPUTS!$B$19,IF(LEFT(ARCH!K134,1)="d",PI()/4*VALUE(MID(ARCH!K134,2,9))^2,VALUE(LEFT(ARCH!K134,FIND("x",ARCH!K134)-1))*VALUE(MID(ARCH!K134,FIND("x",ARCH!K134)+1,9)))) -> 336 | L134: =IF(ARCH!L134="",INPUTS!$B$19,IF(LEFT(ARCH!L134,1)="d",PI()/4*VALUE(MID(ARCH!L134,2,9))^2,VALUE(LEFT(ARCH!L134,FIND("x",ARCH!L134)-1))*VALUE(MID(ARCH!L134,FIND("x",ARCH!L134)+1,9)))) -> 336 | ... P134: =IF(ARCH!P134="",INPUTS!$B$19,IF(LEFT(ARCH!P134,1)="d",PI()/4*VALUE(MID(ARCH!P134,2,9))^2,VALUE(LEFT(ARCH!P134,FIND("x",ARCH!P134)-1))*VALUE(MID(ARCH!P134,FIND("x",ARCH!P134)+1,9)))) -> 336

Sheet CLASS
A1: Column | B1: x (ft) | C1: y (ft) | D1: Section | E1: ROOF | F1: 11 | G1: 10 | H1: 9 | I1: 8 | J1: 7 | K1: 6 | L1: 5 | M1: 4 | N1: 3 | O1: 2 | P1: 1 | R1: Live-load class per column per level from INPUTS (by Section and level): RES, GAR or NR. Blank where the column carries no slab there.
A2: =TRIB!A2 -> C1 | B2: =TRIB!B2 -> 283.70052 | C2: =TRIB!C2 -> 569.16697 | D2: =TRIB!D2 -> A | E2: =IF(TRIB!E2="","",IF($D2="A",INPUTS!$J$24,INPUTS!$O$24)) | F2: =IF(TRIB!F2="","",IF($D2="A",INPUTS!$J$25,INPUTS!$O$25)) -> NR | G2: =IF(TRIB!G2="","",IF($D2="A",INPUTS!$J$26,INPUTS!$O$26)) -> RES | H2: =IF(TRIB!H2="","",IF($D2="A",INPUTS!$J$27,INPUTS!$O$27)) -> RES | I2: =IF(TRIB!I2="","",IF($D2="A",INPUTS!$J$28,INPUTS!$O$28)) -> RES | J2: =IF(TRIB!J2="","",IF($D2="A",INPUTS!$J$29,INPUTS!$O$29)) -> RES | K2: =IF(TRIB!K2="","",IF($D2="A",INPUTS!$J$30,INPUTS!$O$30)) -> RES | L2: =IF(TRIB!L2="","",IF($D2="A",INPUTS!$J$31,INPUTS!$O$31)) -> RES | M2: =IF(TRIB!M2="","",IF($D2="A",INPUTS!$J$32,INPUTS!$O$32)) -> RES | N2: =IF(TRIB!N2="","",IF($D2="A",INPUTS!$J$33,INPUTS!$O$33)) -> RES | O2: =IF(TRIB!O2="","",IF($D2="A",INPUTS!$J$34,INPUTS!$O$34)) -> RES | P2: =IF(TRIB!P2="","",IF($D2="A",INPUTS!$J$35,INPUTS!$O$35)) -> RES
A3: =TRIB!A3 -> C2 | B3: =TRIB!B3 -> 283.56914 | C3: =TRIB!C3 -> 554.06436 | D3: =TRIB!D3 -> A | E3: =IF(TRIB!E3="","",IF($D3="A",INPUTS!$J$24,INPUTS!$O$24)) | F3: =IF(TRIB!F3="","",IF($D3="A",INPUTS!$J$25,INPUTS!$O$25)) | G3: =IF(TRIB!G3="","",IF($D3="A",INPUTS!$J$26,INPUTS!$O$26)) -> RES | H3: =IF(TRIB!H3="","",IF($D3="A",INPUTS!$J$27,INPUTS!$O$27)) -> RES | I3: =IF(TRIB!I3="","",IF($D3="A",INPUTS!$J$28,INPUTS!$O$28)) -> RES | J3: =IF(TRIB!J3="","",IF($D3="A",INPUTS!$J$29,INPUTS!$O$29)) -> RES | K3: =IF(TRIB!K3="","",IF($D3="A",INPUTS!$J$30,INPUTS!$O$30)) -> RES | L3: =IF(TRIB!L3="","",IF($D3="A",INPUTS!$J$31,INPUTS!$O$31)) -> RES | M3: =IF(TRIB!M3="","",IF($D3="A",INPUTS!$J$32,INPUTS!$O$32)) -> RES | N3: =IF(TRIB!N3="","",IF($D3="A",INPUTS!$J$33,INPUTS!$O$33)) -> RES | O3: =IF(TRIB!O3="","",IF($D3="A",INPUTS!$J$34,INPUTS!$O$34)) -> RES | P3: =IF(TRIB!P3="","",IF($D3="A",INPUTS!$J$35,INPUTS!$O$35)) -> RES
A4: =TRIB!A4 -> C3 | B4: =TRIB!B4 -> 302.32736 | C4: =TRIB!C4 -> 538.83473 | D4: =TRIB!D4 -> A | E4: =IF(TRIB!E4="","",IF($D4="A",INPUTS!$J$24,INPUTS!$O$24)) | F4: =IF(TRIB!F4="","",IF($D4="A",INPUTS!$J$25,INPUTS!$O$25)) -> NR | G4: =IF(TRIB!G4="","",IF($D4="A",INPUTS!$J$26,INPUTS!$O$26)) -> RES | H4: =IF(TRIB!H4="","",IF($D4="A",INPUTS!$J$27,INPUTS!$O$27)) -> RES | I4: =IF(TRIB!I4="","",IF($D4="A",INPUTS!$J$28,INPUTS!$O$28)) -> RES | J4: =IF(TRIB!J4="","",IF($D4="A",INPUTS!$J$29,INPUTS!$O$29)) -> RES | K4: =IF(TRIB!K4="","",IF($D4="A",INPUTS!$J$30,INPUTS!$O$30)) -> RES | L4: =IF(TRIB!L4="","",IF($D4="A",INPUTS!$J$31,INPUTS!$O$31)) -> RES | M4: =IF(TRIB!M4="","",IF($D4="A",INPUTS!$J$32,INPUTS!$O$32)) -> RES | N4: =IF(TRIB!N4="","",IF($D4="A",INPUTS!$J$33,INPUTS!$O$33)) -> RES | O4: =IF(TRIB!O4="","",IF($D4="A",INPUTS!$J$34,INPUTS!$O$34)) -> RES | P4: =IF(TRIB!P4="","",IF($D4="A",INPUTS!$J$35,INPUTS!$O$35)) -> RES
A5: =TRIB!A5 -> C4 | B5: =TRIB!B5 -> 301.5302 | C5: =TRIB!C5 -> 560.06227 | D5: =TRIB!D5 -> A | E5: =IF(TRIB!E5="","",IF($D5="A",INPUTS!$J$24,INPUTS!$O$24)) | F5: =IF(TRIB!F5="","",IF($D5="A",INPUTS!$J$25,INPUTS!$O$25)) -> NR | G5: =IF(TRIB!G5="","",IF($D5="A",INPUTS!$J$26,INPUTS!$O$26)) -> RES | H5: =IF(TRIB!H5="","",IF($D5="A",INPUTS!$J$27,INPUTS!$O$27)) -> RES | I5: =IF(TRIB!I5="","",IF($D5="A",INPUTS!$J$28,INPUTS!$O$28)) -> RES | J5: =IF(TRIB!J5="","",IF($D5="A",INPUTS!$J$29,INPUTS!$O$29)) -> RES | K5: =IF(TRIB!K5="","",IF($D5="A",INPUTS!$J$30,INPUTS!$O$30)) -> RES | L5: =IF(TRIB!L5="","",IF($D5="A",INPUTS!$J$31,INPUTS!$O$31)) -> RES | M5: =IF(TRIB!M5="","",IF($D5="A",INPUTS!$J$32,INPUTS!$O$32)) -> RES | N5: =IF(TRIB!N5="","",IF($D5="A",INPUTS!$J$33,INPUTS!$O$33)) -> RES | O5: =IF(TRIB!O5="","",IF($D5="A",INPUTS!$J$34,INPUTS!$O$34)) -> RES | P5: =IF(TRIB!P5="","",IF($D5="A",INPUTS!$J$35,INPUTS!$O$35)) -> RES
A6: =TRIB!A6 -> C5 | B6: =TRIB!B6 -> 311.63942 | C6: =TRIB!C6 -> 569.16697 | D6: =TRIB!D6 -> A | E6: =IF(TRIB!E6="","",IF($D6="A",INPUTS!$J$24,INPUTS!$O$24)) | F6: =IF(TRIB!F6="","",IF($D6="A",INPUTS!$J$25,INPUTS!$O$25)) -> NR | G6: =IF(TRIB!G6="","",IF($D6="A",INPUTS!$J$26,INPUTS!$O$26)) -> RES | H6: =IF(TRIB!H6="","",IF($D6="A",INPUTS!$J$27,INPUTS!$O$27)) -> RES | I6: =IF(TRIB!I6="","",IF($D6="A",INPUTS!$J$28,INPUTS!$O$28)) -> RES | J6: =IF(TRIB!J6="","",IF($D6="A",INPUTS!$J$29,INPUTS!$O$29)) -> RES | K6: =IF(TRIB!K6="","",IF($D6="A",INPUTS!$J$30,INPUTS!$O$30)) -> RES | L6: =IF(TRIB!L6="","",IF($D6="A",INPUTS!$J$31,INPUTS!$O$31)) -> RES | M6: =IF(TRIB!M6="","",IF($D6="A",INPUTS!$J$32,INPUTS!$O$32)) -> RES | N6: =IF(TRIB!N6="","",IF($D6="A",INPUTS!$J$33,INPUTS!$O$33)) -> RES | O6: =IF(TRIB!O6="","",IF($D6="A",INPUTS!$J$34,INPUTS!$O$34)) -> RES | P6: =IF(TRIB!P6="","",IF($D6="A",INPUTS!$J$35,INPUTS!$O$35)) -> RES
A7: =TRIB!A7 -> C6 | B7: =TRIB!B7 -> 313.93295 | C7: =TRIB!C7 -> 553.64886 | D7: =TRIB!D7 -> A | E7: =IF(TRIB!E7="","",IF($D7="A",INPUTS!$J$24,INPUTS!$O$24)) | F7: =IF(TRIB!F7="","",IF($D7="A",INPUTS!$J$25,INPUTS!$O$25)) -> NR | G7: =IF(TRIB!G7="","",IF($D7="A",INPUTS!$J$26,INPUTS!$O$26)) -> RES | H7: =IF(TRIB!H7="","",IF($D7="A",INPUTS!$J$27,INPUTS!$O$27)) -> RES | I7: =IF(TRIB!I7="","",IF($D7="A",INPUTS!$J$28,INPUTS!$O$28)) -> RES | J7: =IF(TRIB!J7="","",IF($D7="A",INPUTS!$J$29,INPUTS!$O$29)) -> RES | K7: =IF(TRIB!K7="","",IF($D7="A",INPUTS!$J$30,INPUTS!$O$30)) -> RES | L7: =IF(TRIB!L7="","",IF($D7="A",INPUTS!$J$31,INPUTS!$O$31)) -> RES | M7: =IF(TRIB!M7="","",IF($D7="A",INPUTS!$J$32,INPUTS!$O$32)) -> RES | N7: =IF(TRIB!N7="","",IF($D7="A",INPUTS!$J$33,INPUTS!$O$33)) -> RES | O7: =IF(TRIB!O7="","",IF($D7="A",INPUTS!$J$34,INPUTS!$O$34)) -> RES | P7: =IF(TRIB!P7="","",IF($D7="A",INPUTS!$J$35,INPUTS!$O$35)) -> RES
A8: =TRIB!A8 -> C7 | B8: =TRIB!B8 -> 336.33509 | C8: =TRIB!C8 -> 514.66264 | D8: =TRIB!D8 -> A | E8: =IF(TRIB!E8="","",IF($D8="A",INPUTS!$J$24,INPUTS!$O$24)) | F8: =IF(TRIB!F8="","",IF($D8="A",INPUTS!$J$25,INPUTS!$O$25)) -> NR | G8: =IF(TRIB!G8="","",IF($D8="A",INPUTS!$J$26,INPUTS!$O$26)) -> RES | H8: =IF(TRIB!H8="","",IF($D8="A",INPUTS!$J$27,INPUTS!$O$27)) -> RES | I8: =IF(TRIB!I8="","",IF($D8="A",INPUTS!$J$28,INPUTS!$O$28)) -> RES | J8: =IF(TRIB!J8="","",IF($D8="A",INPUTS!$J$29,INPUTS!$O$29)) -> RES | K8: =IF(TRIB!K8="","",IF($D8="A",INPUTS!$J$30,INPUTS!$O$30)) -> RES | L8: =IF(TRIB!L8="","",IF($D8="A",INPUTS!$J$31,INPUTS!$O$31)) -> RES | M8: =IF(TRIB!M8="","",IF($D8="A",INPUTS!$J$32,INPUTS!$O$32)) -> RES | N8: =IF(TRIB!N8="","",IF($D8="A",INPUTS!$J$33,INPUTS!$O$33)) -> RES | O8: =IF(TRIB!O8="","",IF($D8="A",INPUTS!$J$34,INPUTS!$O$34)) -> RES | P8: =IF(TRIB!P8="","",IF($D8="A",INPUTS!$J$35,INPUTS!$O$35)) -> RES
A9: =TRIB!A9 -> C8 | B9: =TRIB!B9 -> 346.65209 | C9: =TRIB!C9 -> 529.37224 | D9: =TRIB!D9 -> A | E9: =IF(TRIB!E9="","",IF($D9="A",INPUTS!$J$24,INPUTS!$O$24)) | F9: =IF(TRIB!F9="","",IF($D9="A",INPUTS!$J$25,INPUTS!$O$25)) -> NR | G9: =IF(TRIB!G9="","",IF($D9="A",INPUTS!$J$26,INPUTS!$O$26)) -> RES | H9: =IF(TRIB!H9="","",IF($D9="A",INPUTS!$J$27,INPUTS!$O$27)) -> RES | I9: =IF(TRIB!I9="","",IF($D9="A",INPUTS!$J$28,INPUTS!$O$28)) -> RES | J9: =IF(TRIB!J9="","",IF($D9="A",INPUTS!$J$29,INPUTS!$O$29)) -> RES | K9: =IF(TRIB!K9="","",IF($D9="A",INPUTS!$J$30,INPUTS!$O$30)) -> RES | L9: =IF(TRIB!L9="","",IF($D9="A",INPUTS!$J$31,INPUTS!$O$31)) -> RES | M9: =IF(TRIB!M9="","",IF($D9="A",INPUTS!$J$32,INPUTS!$O$32)) -> RES | N9: =IF(TRIB!N9="","",IF($D9="A",INPUTS!$J$33,INPUTS!$O$33)) -> RES | O9: =IF(TRIB!O9="","",IF($D9="A",INPUTS!$J$34,INPUTS!$O$34)) -> RES | P9: =IF(TRIB!P9="","",IF($D9="A",INPUTS!$J$35,INPUTS!$O$35)) -> RES
A10: =TRIB!A10 -> C9 | B10: =TRIB!B10 -> 356.10812 | C10: =TRIB!C10 -> 546.09305 | D10: =TRIB!D10 -> A | E10: =IF(TRIB!E10="","",IF($D10="A",INPUTS!$J$24,INPUTS!$O$24)) | F10: =IF(TRIB!F10="","",IF($D10="A",INPUTS!$J$25,INPUTS!$O$25)) -> NR | G10: =IF(TRIB!G10="","",IF($D10="A",INPUTS!$J$26,INPUTS!$O$26)) -> RES | H10: =IF(TRIB!H10="","",IF($D10="A",INPUTS!$J$27,INPUTS!$O$27)) -> RES | I10: =IF(TRIB!I10="","",IF($D10="A",INPUTS!$J$28,INPUTS!$O$28)) -> RES | J10: =IF(TRIB!J10="","",IF($D10="A",INPUTS!$J$29,INPUTS!$O$29)) -> RES | K10: =IF(TRIB!K10="","",IF($D10="A",INPUTS!$J$30,INPUTS!$O$30)) -> RES | L10: =IF(TRIB!L10="","",IF($D10="A",INPUTS!$J$31,INPUTS!$O$31)) -> RES | M10: =IF(TRIB!M10="","",IF($D10="A",INPUTS!$J$32,INPUTS!$O$32)) -> RES | N10: =IF(TRIB!N10="","",IF($D10="A",INPUTS!$J$33,INPUTS!$O$33)) -> RES | O10: =IF(TRIB!O10="","",IF($D10="A",INPUTS!$J$34,INPUTS!$O$34)) -> RES | P10: =IF(TRIB!P10="","",IF($D10="A",INPUTS!$J$35,INPUTS!$O$35)) -> RES
A11: =TRIB!A11 -> C10 | B11: =TRIB!B11 -> 357.42596 | C11: =TRIB!C11 -> 500.43849 | D11: =TRIB!D11 -> A | E11: =IF(TRIB!E11="","",IF($D11="A",INPUTS!$J$24,INPUTS!$O$24)) | F11: =IF(TRIB!F11="","",IF($D11="A",INPUTS!$J$25,INPUTS!$O$25)) -> NR | G11: =IF(TRIB!G11="","",IF($D11="A",INPUTS!$J$26,INPUTS!$O$26)) -> RES | H11: =IF(TRIB!H11="","",IF($D11="A",INPUTS!$J$27,INPUTS!$O$27)) -> RES | I11: =IF(TRIB!I11="","",IF($D11="A",INPUTS!$J$28,INPUTS!$O$28)) -> RES | J11: =IF(TRIB!J11="","",IF($D11="A",INPUTS!$J$29,INPUTS!$O$29)) -> RES | K11: =IF(TRIB!K11="","",IF($D11="A",INPUTS!$J$30,INPUTS!$O$30)) -> RES | L11: =IF(TRIB!L11="","",IF($D11="A",INPUTS!$J$31,INPUTS!$O$31)) -> RES | M11: =IF(TRIB!M11="","",IF($D11="A",INPUTS!$J$32,INPUTS!$O$32)) -> RES | N11: =IF(TRIB!N11="","",IF($D11="A",INPUTS!$J$33,INPUTS!$O$33)) -> RES | O11: =IF(TRIB!O11="","",IF($D11="A",INPUTS!$J$34,INPUTS!$O$34)) -> RES | P11: =IF(TRIB!P11="","",IF($D11="A",INPUTS!$J$35,INPUTS!$O$35)) -> RES
A12: =TRIB!A12 -> C11 | B12: =TRIB!B12 -> 363.12676 | C12: =TRIB!C12 -> 569.16697 | D12: =TRIB!D12 -> A | E12: =IF(TRIB!E12="","",IF($D12="A",INPUTS!$J$24,INPUTS!$O$24)) | F12: =IF(TRIB!F12="","",IF($D12="A",INPUTS!$J$25,INPUTS!$O$25)) -> NR | G12: =IF(TRIB!G12="","",IF($D12="A",INPUTS!$J$26,INPUTS!$O$26)) -> RES | H12: =IF(TRIB!H12="","",IF($D12="A",INPUTS!$J$27,INPUTS!$O$27)) -> RES | I12: =IF(TRIB!I12="","",IF($D12="A",INPUTS!$J$28,INPUTS!$O$28)) -> RES | J12: =IF(TRIB!J12="","",IF($D12="A",INPUTS!$J$29,INPUTS!$O$29)) -> RES | K12: =IF(TRIB!K12="","",IF($D12="A",INPUTS!$J$30,INPUTS!$O$30)) -> RES | L12: =IF(TRIB!L12="","",IF($D12="A",INPUTS!$J$31,INPUTS!$O$31)) -> RES | M12: =IF(TRIB!M12="","",IF($D12="A",INPUTS!$J$32,INPUTS!$O$32)) -> RES | N12: =IF(TRIB!N12="","",IF($D12="A",INPUTS!$J$33,INPUTS!$O$33)) -> RES | O12: =IF(TRIB!O12="","",IF($D12="A",INPUTS!$J$34,INPUTS!$O$34)) -> RES | P12: =IF(TRIB!P12="","",IF($D12="A",INPUTS!$J$35,INPUTS!$O$35)) -> RES
A13: =TRIB!A13 -> C12 | B13: =TRIB!B13 -> 366.75277 | C13: =TRIB!C13 -> 517.3193 | D13: =TRIB!D13 -> A | E13: =IF(TRIB!E13="","",IF($D13="A",INPUTS!$J$24,INPUTS!$O$24)) | F13: =IF(TRIB!F13="","",IF($D13="A",INPUTS!$J$25,INPUTS!$O$25)) -> NR | G13: =IF(TRIB!G13="","",IF($D13="A",INPUTS!$J$26,INPUTS!$O$26)) -> RES | H13: =IF(TRIB!H13="","",IF($D13="A",INPUTS!$J$27,INPUTS!$O$27)) -> RES | I13: =IF(TRIB!I13="","",IF($D13="A",INPUTS!$J$28,INPUTS!$O$28)) -> RES | J13: =IF(TRIB!J13="","",IF($D13="A",INPUTS!$J$29,INPUTS!$O$29)) -> RES | K13: =IF(TRIB!K13="","",IF($D13="A",INPUTS!$J$30,INPUTS!$O$30)) -> RES | L13: =IF(TRIB!L13="","",IF($D13="A",INPUTS!$J$31,INPUTS!$O$31)) -> RES | M13: =IF(TRIB!M13="","",IF($D13="A",INPUTS!$J$32,INPUTS!$O$32)) -> RES | N13: =IF(TRIB!N13="","",IF($D13="A",INPUTS!$J$33,INPUTS!$O$33)) -> RES | O13: =IF(TRIB!O13="","",IF($D13="A",INPUTS!$J$34,INPUTS!$O$34)) -> RES | P13: =IF(TRIB!P13="","",IF($D13="A",INPUTS!$J$35,INPUTS!$O$35)) -> RES
... A134: =TRIB!A134 -> 8_UNLABELED_107 | B134: =TRIB!B134 -> 0 | C134: =TRIB!C134 -> 0 | D134: =TRIB!D134 -> A | E134: =IF(TRIB!E134="","",IF($D134="A",INPUTS!$J$24,INPUTS!$O$24)) | F134: =IF(TRIB!F134="","",IF($D134="A",INPUTS!$J$25,INPUTS!$O$25)) | G134: =IF(TRIB!G134="","",IF($D134="A",INPUTS!$J$26,INPUTS!$O$26)) | H134: =IF(TRIB!H134="","",IF($D134="A",INPUTS!$J$27,INPUTS!$O$27)) | I134: =IF(TRIB!I134="","",IF($D134="A",INPUTS!$J$28,INPUTS!$O$28)) -> RES | J134: =IF(TRIB!J134="","",IF($D134="A",INPUTS!$J$29,INPUTS!$O$29)) | K134: =IF(TRIB!K134="","",IF($D134="A",INPUTS!$J$30,INPUTS!$O$30)) | L134: =IF(TRIB!L134="","",IF($D134="A",INPUTS!$J$31,INPUTS!$O$31)) | M134: =IF(TRIB!M134="","",IF($D134="A",INPUTS!$J$32,INPUTS!$O$32)) | N134: =IF(TRIB!N134="","",IF($D134="A",INPUTS!$J$33,INPUTS!$O$33)) | O134: =IF(TRIB!O134="","",IF($D134="A",INPUTS!$J$34,INPUTS!$O$34)) | P134: =IF(TRIB!P134="","",IF($D134="A",INPUTS!$J$35,INPUTS!$O$35))

Sheet DEAD
A1: Column | B1: x (ft) | C1: y (ft) | D1: Section | E1: ROOF | F1: 11 | G1: 10 | H1: 9 | I1: 8 | J1: 7 | K1: 6 | L1: 5 | M1: 4 | N1: 3 | O1: 2 | P1: 1 | R1: Dead load (kips) delivered at each level: tributary area x (slab self-weight + SDL) + facade plf x storey + column self-weight of the storey below (architect's section). Zero where the column carries no slab.
A2: =TRIB!A2 -> C1 | B2: =TRIB!B2 -> 283.70052 | C2: =TRIB!C2 -> 569.16697 | D2: =TRIB!D2 -> A | E2: =IF(TRIB!E2="",0,(TRIB!E2*IF($D2="A",(INPUTS!$G$24/12*INPUTS!$B$12+INPUTS!$H$24),(INPUTS!$L$24/12*INPUTS!$B$12+INPUTS!$M$24))+IF(FACADE!E2="",0,FACADE!E2)*INPUTS!$B$15)/1000+ARCH_AG!E2/144*INPUTS!$B$12*INPUTS!$C$24/1000) -> 0 | F2: =IF(TRIB!F2="",0,(TRIB!F2*IF($D2="A",(INPUTS!$G$25/12*INPUTS!$B$12+INPUTS!$H$25),(INPUTS!$L$25/12*INPUTS!$B$12+INPUTS!$M$25))+IF(FACADE!F2="",0,FACADE!F2)*INPUTS!$B$15)/1000+ARCH_AG!F2/144*INPUTS!$B$12*INPUTS!$C$25/1000) -> 56.0275 | G2: =IF(TRIB!G2="",0,(TRIB!G2*IF($D2="A",(INPUTS!$G$26/12*INPUTS!$B$12+INPUTS!$H$26),(INPUTS!$L$26/12*INPUTS!$B$12+INPUTS!$M$26))+IF(FACADE!G2="",0,FACADE!G2)*INPUTS!$B$15)/1000+ARCH_AG!G2/144*INPUTS!$B$12*INPUTS!$C$26/1000) -> 29.7225 | H2: =IF(TRIB!H2="",0,(TRIB!H2*IF($D2="A",(INPUTS!$G$27/12*INPUTS!$B$12+INPUTS!$H$27),(INPUTS!$L$27/12*INPUTS!$B$12+INPUTS!$M$27))+IF(FACADE!H2="",0,FACADE!H2)*INPUTS!$B$15)/1000+ARCH_AG!H2/144*INPUTS!$B$12*INPUTS!$C$27/1000) -> 29.7525 | I2: =IF(TRIB!I2="",0,(TRIB!I2*IF($D2="A",(INPUTS!$G$28/12*INPUTS!$B$12+INPUTS!$H$28),(INPUTS!$L$28/12*INPUTS!$B$12+INPUTS!$M$28))+IF(FACADE!I2="",0,FACADE!I2)*INPUTS!$B$15)/1000+ARCH_AG!I2/144*INPUTS!$B$12*INPUTS!$C$28/1000) -> 29.7525 | J2: =IF(TRIB!J2="",0,(TRIB!J2*IF($D2="A",(INPUTS!$G$29/12*INPUTS!$B$12+INPUTS!$H$29),(INPUTS!$L$29/12*INPUTS!$B$12+INPUTS!$M$29))+IF(FACADE!J2="",0,FACADE!J2)*INPUTS!$B$15)/1000+ARCH_AG!J2/144*INPUTS!$B$12*INPUTS!$C$29/1000) -> 29.8725 | K2: =IF(TRIB!K2="",0,(TRIB!K2*IF($D2="A",(INPUTS!$G$30/12*INPUTS!$B$12+INPUTS!$H$30),(INPUTS!$L$30/12*INPUTS!$B$12+INPUTS!$M$30))+IF(FACADE!K2="",0,FACADE!K2)*INPUTS!$B$15)/1000+ARCH_AG!K2/144*INPUTS!$B$12*INPUTS!$C$30/1000) -> 28.3425 | L2: =IF(TRIB!L2="",0,(TRIB!L2*IF($D2="A",(INPUTS!$G$31/12*INPUTS!$B$12+INPUTS!$H$31),(INPUTS!$L$31/12*INPUTS!$B$12+INPUTS!$M$31))+IF(FACADE!L2="",0,FACADE!L2)*INPUTS!$B$15)/1000+ARCH_AG!L2/144*INPUTS!$B$12*INPUTS!$C$31/1000) -> 28.3425 | M2: =IF(TRIB!M2="",0,(TRIB!M2*IF($D2="A",(INPUTS!$G$32/12*INPUTS!$B$12+INPUTS!$H$32),(INPUTS!$L$32/12*INPUTS!$B$12+INPUTS!$M$32))+IF(FACADE!M2="",0,FACADE!M2)*INPUTS!$B$15)/1000+ARCH_AG!M2/144*INPUTS!$B$12*INPUTS!$C$32/1000) -> 28.3425 | N2: =IF(TRIB!N2="",0,(TRIB!N2*IF($D2="A",(INPUTS!$G$33/12*INPUTS!$B$12+INPUTS!$H$33),(INPUTS!$L$33/12*INPUTS!$B$12+INPUTS!$M$33))+IF(FACADE!N2="",0,FACADE!N2)*INPUTS!$B$15)/1000+ARCH_AG!N2/144*INPUTS!$B$12*INPUTS!$C$33/1000) -> 28.3425 | O2: =IF(TRIB!O2="",0,(TRIB!O2*IF($D2="A",(INPUTS!$G$34/12*INPUTS!$B$12+INPUTS!$H$34),(INPUTS!$L$34/12*INPUTS!$B$12+INPUTS!$M$34))+IF(FACADE!O2="",0,FACADE!O2)*INPUTS!$B$15)/1000+ARCH_AG!O2/144*INPUTS!$B$12*INPUTS!$C$34/1000) -> 28.3425 | P2: =IF(TRIB!P2="",0,(TRIB!P2*IF($D2="A",(INPUTS!$G$35/12*INPUTS!$B$12+INPUTS!$H$35),(INPUTS!$L$35/12*INPUTS!$B$12+INPUTS!$M$35))+IF(FACADE!P2="",0,FACADE!P2)*INPUTS!$B$15)/1000+ARCH_AG!P2/144*INPUTS!$B$12*INPUTS!$C$35/1000) -> 29.13
A3: =TRIB!A3 -> C2 | B3: =TRIB!B3 -> 283.56914 | C3: =TRIB!C3 -> 554.06436 | D3: =TRIB!D3 -> A | E3: =IF(TRIB!E3="",0,(TRIB!E3*IF($D3="A",(INPUTS!$G$24/12*INPUTS!$B$12+INPUTS!$H$24),(INPUTS!$L$24/12*INPUTS!$B$12+INPUTS!$M$24))+IF(FACADE!E3="",0,FACADE!E3)*INPUTS!$B$15)/1000+ARCH_AG!E3/144*INPUTS!$B$12*INPUTS!$C$24/1000) -> 0 | F3: =IF(TRIB!F3="",0,(TRIB!F3*IF($D3="A",(INPUTS!$G$25/12*INPUTS!$B$12+INPUTS!$H$25),(INPUTS!$L$25/12*INPUTS!$B$12+INPUTS!$M$25))+IF(FACADE!F3="",0,FACADE!F3)*INPUTS!$B$15)/1000+ARCH_AG!F3/144*INPUTS!$B$12*INPUTS!$C$25/1000) -> 0 | G3: =IF(TRIB!G3="",0,(TRIB!G3*IF($D3="A",(INPUTS!$G$26/12*INPUTS!$B$12+INPUTS!$H$26),(INPUTS!$L$26/12*INPUTS!$B$12+INPUTS!$M$26))+IF(FACADE!G3="",0,FACADE!G3)*INPUTS!$B$15)/1000+ARCH_AG!G3/144*INPUTS!$B$12*INPUTS!$C$26/1000) -> 45.298008 | H3: =IF(TRIB!H3="",0,(TRIB!H3*IF($D3="A",(INPUTS!$G$27/12*INPUTS!$B$12+INPUTS!$H$27),(INPUTS!$L$27/12*INPUTS!$B$12+INPUTS!$M$27))+IF(FACADE!H3="",0,FACADE!H3)*INPUTS!$B$15)/1000+ARCH_AG!H3/144*INPUTS!$B$12*INPUTS!$C$27/1000) -> 45.178008 | I3: =IF(TRIB!I3="",0,(TRIB!I3*IF($D3="A",(INPUTS!$G$28/12*INPUTS!$B$12+INPUTS!$H$28),(INPUTS!$L$28/12*INPUTS!$B$12+INPUTS!$M$28))+IF(FACADE!I3="",0,FACADE!I3)*INPUTS!$B$15)/1000+ARCH_AG!I3/144*INPUTS!$B$12*INPUTS!$C$28/1000) -> 45.178008 | J3: =IF(TRIB!J3="",0,(TRIB!J3*IF($D3="A",(INPUTS!$G$29/12*INPUTS!$B$12+INPUTS!$H$29),(INPUTS!$L$29/12*INPUTS!$B$12+INPUTS!$M$29))+IF(FACADE!J3="",0,FACADE!J3)*INPUTS!$B$15)/1000+ARCH_AG!J3/144*INPUTS!$B$12*INPUTS!$C$29/1000) -> 45.178008 | K3: =IF(TRIB!K3="",0,(TRIB!K3*IF($D3="A",(INPUTS!$G$30/12*INPUTS!$B$12+INPUTS!$H$30),(INPUTS!$L$30/12*INPUTS!$B$12+INPUTS!$M$30))+IF(FACADE!K3="",0,FACADE!K3)*INPUTS!$B$15)/1000+ARCH_AG!K3/144*INPUTS!$B$12*INPUTS!$C$30/1000) -> 45.178008 | L3: =IF(TRIB!L3="",0,(TRIB!L3*IF($D3="A",(INPUTS!$G$31/12*INPUTS!$B$12+INPUTS!$H$31),(INPUTS!$L$31/12*INPUTS!$B$12+INPUTS!$M$31))+IF(FACADE!L3="",0,FACADE!L3)*INPUTS!$B$15)/1000+ARCH_AG!L3/144*INPUTS!$B$12*INPUTS!$C$31/1000) -> 45.178008 | M3: =IF(TRIB!M3="",0,(TRIB!M3*IF($D3="A",(INPUTS!$G$32/12*INPUTS!$B$12+INPUTS!$H$32),(INPUTS!$L$32/12*INPUTS!$B$12+INPUTS!$M$32))+IF(FACADE!M3="",0,FACADE!M3)*INPUTS!$B$15)/1000+ARCH_AG!M3/144*INPUTS!$B$12*INPUTS!$C$32/1000) -> 45.178008 | N3: =IF(TRIB!N3="",0,(TRIB!N3*IF($D3="A",(INPUTS!$G$33/12*INPUTS!$B$12+INPUTS!$H$33),(INPUTS!$L$33/12*INPUTS!$B$12+INPUTS!$M$33))+IF(FACADE!N3="",0,FACADE!N3)*INPUTS!$B$15)/1000+ARCH_AG!N3/144*INPUTS!$B$12*INPUTS!$C$33/1000) -> 45.178008 | O3: =IF(TRIB!O3="",0,(TRIB!O3*IF($D3="A",(INPUTS!$G$34/12*INPUTS!$B$12+INPUTS!$H$34),(INPUTS!$L$34/12*INPUTS!$B$12+INPUTS!$M$34))+IF(FACADE!O3="",0,FACADE!O3)*INPUTS!$B$15)/1000+ARCH_AG!O3/144*INPUTS!$B$12*INPUTS!$C$34/1000) -> 45.178008 | P3: =IF(TRIB!P3="",0,(TRIB!P3*IF($D3="A",(INPUTS!$G$35/12*INPUTS!$B$12+INPUTS!$H$35),(INPUTS!$L$35/12*INPUTS!$B$12+INPUTS!$M$35))+IF(FACADE!P3="",0,FACADE!P3)*INPUTS!$B$15)/1000+ARCH_AG!P3/144*INPUTS!$B$12*INPUTS!$C$35/1000) -> 45.884867
A4: =TRIB!A4 -> C3 | B4: =TRIB!B4 -> 302.32736 | C4: =TRIB!C4 -> 538.83473 | D4: =TRIB!D4 -> A | E4: =IF(TRIB!E4="",0,(TRIB!E4*IF($D4="A",(INPUTS!$G$24/12*INPUTS!$B$12+INPUTS!$H$24),(INPUTS!$L$24/12*INPUTS!$B$12+INPUTS!$M$24))+IF(FACADE!E4="",0,FACADE!E4)*INPUTS!$B$15)/1000+ARCH_AG!E4/144*INPUTS!$B$12*INPUTS!$C$24/1000) -> 0 | F4: =IF(TRIB!F4="",0,(TRIB!F4*IF($D4="A",(INPUTS!$G$25/12*INPUTS!$B$12+INPUTS!$H$25),(INPUTS!$L$25/12*INPUTS!$B$12+INPUTS!$M$25))+IF(FACADE!F4="",0,FACADE!F4)*INPUTS!$B$15)/1000+ARCH_AG!F4/144*INPUTS!$B$12*INPUTS!$C$25/1000) -> 49.0575 | G4: =IF(TRIB!G4="",0,(TRIB!G4*IF($D4="A",(INPUTS!$G$26/12*INPUTS!$B$12+INPUTS!$H$26),(INPUTS!$L$26/12*INPUTS!$B$12+INPUTS!$M$26))+IF(FACADE!G4="",0,FACADE!G4)*INPUTS!$B$15)/1000+ARCH_AG!G4/144*INPUTS!$B$12*INPUTS!$C$26/1000) -> 43.5525 | H4: =IF(TRIB!H4="",0,(TRIB!H4*IF($D4="A",(INPUTS!$G$27/12*INPUTS!$B$12+INPUTS!$H$27),(INPUTS!$L$27/12*INPUTS!$B$12+INPUTS!$M$27))+IF(FACADE!H4="",0,FACADE!H4)*INPUTS!$B$15)/1000+ARCH_AG!H4/144*INPUTS!$B$12*INPUTS!$C$27/1000) -> 42.2625 | I4: =IF(TRIB!I4="",0,(TRIB!I4*IF($D4="A",(INPUTS!$G$28/12*INPUTS!$B$12+INPUTS!$H$28),(INPUTS!$L$28/12*INPUTS!$B$12+INPUTS!$M$28))+IF(FACADE!I4="",0,FACADE!I4)*INPUTS!$B$15)/1000+ARCH_AG!I4/144*INPUTS!$B$12*INPUTS!$C$28/1000) -> 42.2625 | J4: =IF(TRIB!J4="",0,(TRIB!J4*IF($D4="A",(INPUTS!$G$29/12*INPUTS!$B$12+INPUTS!$H$29),(INPUTS!$L$29/12*INPUTS!$B$12+INPUTS!$M$29))+IF(FACADE!J4="",0,FACADE!J4)*INPUTS!$B$15)/1000+ARCH_AG!J4/144*INPUTS!$B$12*INPUTS!$C$29/1000) -> 42.2625 | K4: =IF(TRIB!K4="",0,(TRIB!K4*IF($D4="A",(INPUTS!$G$30/12*INPUTS!$B$12+INPUTS!$H$30),(INPUTS!$L$30/12*INPUTS!$B$12+INPUTS!$M$30))+IF(FACADE!K4="",0,FACADE!K4)*INPUTS!$B$15)/1000+ARCH_AG!K4/144*INPUTS!$B$12*INPUTS!$C$30/1000) -> 42.2625 | L4: =IF(TRIB!L4="",0,(TRIB!L4*IF($D4="A",(INPUTS!$G$31/12*INPUTS!$B$12+INPUTS!$H$31),(INPUTS!$L$31/12*INPUTS!$B$12+INPUTS!$M$31))+IF(FACADE!L4="",0,FACADE!L4)*INPUTS!$B$15)/1000+ARCH_AG!L4/144*INPUTS!$B$12*INPUTS!$C$31/1000) -> 42.5025 | M4: =IF(TRIB!M4="",0,(TRIB!M4*IF($D4="A",(INPUTS!$G$32/12*INPUTS!$B$12+INPUTS!$H$32),(INPUTS!$L$32/12*INPUTS!$B$12+INPUTS!$M$32))+IF(FACADE!M4="",0,FACADE!M4)*INPUTS!$B$15)/1000+ARCH_AG!M4/144*INPUTS!$B$12*INPUTS!$C$32/1000) -> 42.5025 | N4: =IF(TRIB!N4="",0,(TRIB!N4*IF($D4="A",(INPUTS!$G$33/12*INPUTS!$B$12+INPUTS!$H$33),(INPUTS!$L$33/12*INPUTS!$B$12+INPUTS!$M$33))+IF(FACADE!N4="",0,FACADE!N4)*INPUTS!$B$15)/1000+ARCH_AG!N4/144*INPUTS!$B$12*INPUTS!$C$33/1000) -> 42.5025 | O4: =IF(TRIB!O4="",0,(TRIB!O4*IF($D4="A",(INPUTS!$G$34/12*INPUTS!$B$12+INPUTS!$H$34),(INPUTS!$L$34/12*INPUTS!$B$12+INPUTS!$M$34))+IF(FACADE!O4="",0,FACADE!O4)*INPUTS!$B$15)/1000+ARCH_AG!O4/144*INPUTS!$B$12*INPUTS!$C$34/1000) -> 42.5025 | P4: =IF(TRIB!P4="",0,(TRIB!P4*IF($D4="A",(INPUTS!$G$35/12*INPUTS!$B$12+INPUTS!$H$35),(INPUTS!$L$35/12*INPUTS!$B$12+INPUTS!$M$35))+IF(FACADE!P4="",0,FACADE!P4)*INPUTS!$B$15)/1000+ARCH_AG!P4/144*INPUTS!$B$12*INPUTS!$C$35/1000) -> 43.29
A5: =TRIB!A5 -> C4 | B5: =TRIB!B5 -> 301.5302 | C5: =TRIB!C5 -> 560.06227 | D5: =TRIB!D5 -> A | E5: =IF(TRIB!E5="",0,(TRIB!E5*IF($D5="A",(INPUTS!$G$24/12*INPUTS!$B$12+INPUTS!$H$24),(INPUTS!$L$24/12*INPUTS!$B$12+INPUTS!$M$24))+IF(FACADE!E5="",0,FACADE!E5)*INPUTS!$B$15)/1000+ARCH_AG!E5/144*INPUTS!$B$12*INPUTS!$C$24/1000) -> 0 | F5: =IF(TRIB!F5="",0,(TRIB!F5*IF($D5="A",(INPUTS!$G$25/12*INPUTS!$B$12+INPUTS!$H$25),(INPUTS!$L$25/12*INPUTS!$B$12+INPUTS!$M$25))+IF(FACADE!F5="",0,FACADE!F5)*INPUTS!$B$15)/1000+ARCH_AG!F5/144*INPUTS!$B$12*INPUTS!$C$25/1000) -> 50.555 | G5: =IF(TRIB!G5="",0,(TRIB!G5*IF($D5="A",(INPUTS!$G$26/12*INPUTS!$B$12+INPUTS!$H$26),(INPUTS!$L$26/12*INPUTS!$B$12+INPUTS!$M$26))+IF(FACADE!G5="",0,FACADE!G5)*INPUTS!$B$15)/1000+ARCH_AG!G5/144*INPUTS!$B$12*INPUTS!$C$26/1000) -> 38.415 | H5: =IF(TRIB!H5="",0,(TRIB!H5*IF($D5="A",(INPUTS!$G$27/12*INPUTS!$B$12+INPUTS!$H$27),(INPUTS!$L$27/12*INPUTS!$B$12+INPUTS!$M$27))+IF(FACADE!H5="",0,FACADE!H5)*INPUTS!$B$15)/1000+ARCH_AG!H5/144*INPUTS!$B$12*INPUTS!$C$27/1000) -> 38.415 | I5: =IF(TRIB!I5="",0,(TRIB!I5*IF($D5="A",(INPUTS!$G$28/12*INPUTS!$B$12+INPUTS!$H$28),(INPUTS!$L$28/12*INPUTS!$B$12+INPUTS!$M$28))+IF(FACADE!I5="",0,FACADE!I5)*INPUTS!$B$15)/1000+ARCH_AG!I5/144*INPUTS!$B$12*INPUTS!$C$28/1000) -> 38.415 | J5: =IF(TRIB!J5="",0,(TRIB!J5*IF($D5="A",(INPUTS!$G$29/12*INPUTS!$B$12+INPUTS!$H$29),(INPUTS!$L$29/12*INPUTS!$B$12+INPUTS!$M$29))+IF(FACADE!J5="",0,FACADE!J5)*INPUTS!$B$15)/1000+ARCH_AG!J5/144*INPUTS!$B$12*INPUTS!$C$29/1000) -> 38.415 | K5: =IF(TRIB!K5="",0,(TRIB!K5*IF($D5="A",(INPUTS!$G$30/12*INPUTS!$B$12+INPUTS!$H$30),(INPUTS!$L$30/12*INPUTS!$B$12+INPUTS!$M$30))+IF(FACADE!K5="",0,FACADE!K5)*INPUTS!$B$15)/1000+ARCH_AG!K5/144*INPUTS!$B$12*INPUTS!$C$30/1000) -> 38.415 | L5: =IF(TRIB!L5="",0,(TRIB!L5*IF($D5="A",(INPUTS!$G$31/12*INPUTS!$B$12+INPUTS!$H$31),(INPUTS!$L$31/12*INPUTS!$B$12+INPUTS!$M$31))+IF(FACADE!L5="",0,FACADE!L5)*INPUTS!$B$15)/1000+ARCH_AG!L5/144*INPUTS!$B$12*INPUTS!$C$31/1000) -> 38.415 | M5: =IF(TRIB!M5="",0,(TRIB!M5*IF($D5="A",(INPUTS!$G$32/12*INPUTS!$B$12+INPUTS!$H$32),(INPUTS!$L$32/12*INPUTS!$B$12+INPUTS!$M$32))+IF(FACADE!M5="",0,FACADE!M5)*INPUTS!$B$15)/1000+ARCH_AG!M5/144*INPUTS!$B$12*INPUTS!$C$32/1000) -> 38.415 | N5: =IF(TRIB!N5="",0,(TRIB!N5*IF($D5="A",(INPUTS!$G$33/12*INPUTS!$B$12+INPUTS!$H$33),(INPUTS!$L$33/12*INPUTS!$B$12+INPUTS!$M$33))+IF(FACADE!N5="",0,FACADE!N5)*INPUTS!$B$15)/1000+ARCH_AG!N5/144*INPUTS!$B$12*INPUTS!$C$33/1000) -> 38.415 | O5: =IF(TRIB!O5="",0,(TRIB!O5*IF($D5="A",(INPUTS!$G$34/12*INPUTS!$B$12+INPUTS!$H$34),(INPUTS!$L$34/12*INPUTS!$B$12+INPUTS!$M$34))+IF(FACADE!O5="",0,FACADE!O5)*INPUTS!$B$15)/1000+ARCH_AG!O5/144*INPUTS!$B$12*INPUTS!$C$34/1000) -> 38.415 | P5: =IF(TRIB!P5="",0,(TRIB!P5*IF($D5="A",(INPUTS!$G$35/12*INPUTS!$B$12+INPUTS!$H$35),(INPUTS!$L$35/12*INPUTS!$B$12+INPUTS!$M$35))+IF(FACADE!P5="",0,FACADE!P5)*INPUTS!$B$15)/1000+ARCH_AG!P5/144*INPUTS!$B$12*INPUTS!$C$35/1000) -> 38.94
